-- phpMyAdmin SQL Dump
-- version 5.0.4
-- https://www.phpmyadmin.net/
--
-- Servidor: 127.0.0.1
-- Tiempo de generación: 19-02-2021 a las 17:49:09
-- Versión del servidor: 10.4.17-MariaDB
-- Versión de PHP: 8.0.0

SET SQL_MODE = "NO_AUTO_VALUE_ON_ZERO";
START TRANSACTION;
SET time_zone = "+00:00";


/*!40101 SET @OLD_CHARACTER_SET_CLIENT=@@CHARACTER_SET_CLIENT */;
/*!40101 SET @OLD_CHARACTER_SET_RESULTS=@@CHARACTER_SET_RESULTS */;
/*!40101 SET @OLD_COLLATION_CONNECTION=@@COLLATION_CONNECTION */;
/*!40101 SET NAMES utf8mb4 */;

--
-- Base de datos: `medicexpress_admin`
--

-- --------------------------------------------------------

--
-- Estructura de tabla para la tabla `comments`
--

CREATE TABLE `comments` (
  `id` bigint(20) UNSIGNED NOT NULL,
  `fecha` date NOT NULL,
  `nombre` varchar(255) COLLATE utf8_unicode_ci NOT NULL,
  `correo` varchar(255) COLLATE utf8_unicode_ci NOT NULL,
  `contenido` longtext COLLATE utf8_unicode_ci NOT NULL,
  `posts_id` bigint(20) UNSIGNED NOT NULL,
  `created_at` timestamp NULL DEFAULT NULL,
  `updated_at` timestamp NULL DEFAULT NULL
) ENGINE=InnoDB DEFAULT CHARSET=utf8 COLLATE=utf8_unicode_ci;

--
-- Volcado de datos para la tabla `comments`
--

INSERT INTO `comments` (`id`, `fecha`, `nombre`, `correo`, `contenido`, `posts_id`, `created_at`, `updated_at`) VALUES
(1, '2020-10-30', 'Leiner Fabian Ortega Ojeda', 'leicortega@gmail.com', 'qwe123 123qwe', 1, '2020-10-31 04:25:53', '2020-10-31 04:25:53'),
(2, '2020-10-31', 'Leiner Ortega', 'leicortega@gmail.com', 'qwertyuiop rsgfzhgfxkg', 1, '2020-10-31 19:42:57', '2020-10-31 19:42:57'),
(3, '2021-02-12', 'oscar ruiz urrea', 'carlosyaredysanchez@gmail.com', 'zxcsdsfsd', 1, '2021-02-12 23:04:34', '2021-02-12 23:04:34'),
(4, '2021-02-12', 'hector eduardo', 'u20191177895@usco.edu.co', 'dsfsdfsdfsdf', 1, '2021-02-12 23:06:46', '2021-02-12 23:06:46'),
(5, '2021-02-12', 'sede 1', 'oscar@ds.es', 'sdfsdfsdfs', 24, '2021-02-12 23:07:59', '2021-02-12 23:07:59'),
(6, '2021-02-12', 'sede 1', 'oscar@ds.es', 'sdfsdfsdfs', 24, '2021-02-12 23:16:06', '2021-02-12 23:16:06'),
(7, '2021-02-12', 'oscar ruiz urrea', 'oscar@ds.es', 'hola soy un comentario', 24, '2021-02-12 23:34:59', '2021-02-12 23:34:59'),
(8, '2021-02-12', 'oscar', 'oscar@ds.es', 'hello world!!', 25, '2021-02-13 01:59:53', '2021-02-13 01:59:53'),
(9, '2021-02-12', 'peter', 'peter@sdhsg.com', 'dfddfgfdhfjweegfeff', 25, '2021-02-13 02:04:35', '2021-02-13 02:04:35'),
(10, '2021-02-16', 'hector eduardo', 's.anbi251996@gmail.com', 'comentario de prueba', 1, '2021-02-16 23:23:29', '2021-02-16 23:23:29');

-- --------------------------------------------------------

--
-- Estructura de tabla para la tabla `failed_jobs`
--

CREATE TABLE `failed_jobs` (
  `id` bigint(20) UNSIGNED NOT NULL,
  `connection` text COLLATE utf8_unicode_ci NOT NULL,
  `queue` text COLLATE utf8_unicode_ci NOT NULL,
  `payload` longtext COLLATE utf8_unicode_ci NOT NULL,
  `exception` longtext COLLATE utf8_unicode_ci NOT NULL,
  `failed_at` timestamp NOT NULL DEFAULT current_timestamp()
) ENGINE=InnoDB DEFAULT CHARSET=utf8 COLLATE=utf8_unicode_ci;

-- --------------------------------------------------------

--
-- Estructura de tabla para la tabla `media_posts`
--

CREATE TABLE `media_posts` (
  `id` bigint(20) UNSIGNED NOT NULL,
  `imagen` varchar(255) COLLATE utf8_unicode_ci NOT NULL,
  `posts_id` bigint(20) UNSIGNED NOT NULL,
  `created_at` timestamp NULL DEFAULT NULL,
  `updated_at` timestamp NULL DEFAULT NULL
) ENGINE=InnoDB DEFAULT CHARSET=utf8 COLLATE=utf8_unicode_ci;

--
-- Volcado de datos para la tabla `media_posts`
--

INSERT INTO `media_posts` (`id`, `imagen`, `posts_id`, `created_at`, `updated_at`) VALUES
(6, 'blog/post/galeria/imagen_20201029195303_0.png', 1, '2020-10-30 05:53:03', '2020-10-30 05:53:03'),
(7, 'blog/post/galeria/imagen_20201029195303_1.png', 1, '2020-10-30 05:53:03', '2020-10-30 05:53:03'),
(8, 'blog/post/galeria/imagen_20201029195303_2.png', 1, '2020-10-30 05:53:03', '2020-10-30 05:53:03'),
(9, 'blog/post/galeria/imagen_20201029195303_3.png', 1, '2020-10-30 05:53:03', '2020-10-30 05:53:03'),
(10, 'blog/post/galeria/imagen_20201029195303_4.png', 1, '2020-10-30 05:53:03', '2020-10-30 05:53:03'),
(11, 'blog/post/galeria/imagen_20210207115619_0.jpeg', 16, '2021-02-07 21:56:20', '2021-02-07 21:56:20'),
(12, 'blog/post/galeria/imagen_20210207115619_1.jpeg', 16, '2021-02-07 21:56:20', '2021-02-07 21:56:20'),
(13, 'blog/post/galeria/imagen_20210207115619_2.jpeg', 16, '2021-02-07 21:56:20', '2021-02-07 21:56:20'),
(14, 'blog/post/galeria/imagen_20210207115619_3.jpeg', 16, '2021-02-07 21:56:20', '2021-02-07 21:56:20');

-- --------------------------------------------------------

--
-- Estructura de tabla para la tabla `migrations`
--

CREATE TABLE `migrations` (
  `id` int(10) UNSIGNED NOT NULL,
  `migration` varchar(255) COLLATE utf8_unicode_ci NOT NULL,
  `batch` int(11) NOT NULL
) ENGINE=InnoDB DEFAULT CHARSET=utf8 COLLATE=utf8_unicode_ci;

--
-- Volcado de datos para la tabla `migrations`
--

INSERT INTO `migrations` (`id`, `migration`, `batch`) VALUES
(1, '2014_10_12_000000_create_users_table', 1),
(2, '2014_10_12_100000_create_password_resets_table', 1),
(3, '2019_08_19_000000_create_failed_jobs_table', 1),
(4, '2020_06_09_170025_create_permission_tables', 1),
(5, '2020_05_29_181249_create_control_ingreso_table', 2),
(6, '2020_05_29_200015_create_ingresos_table', 2),
(25, '2020_08_13_140940_create_notifications_table', 3),
(43, '2020_08_26_050459_create_terceros_table', 4),
(44, '2020_09_04_103340_create_tipo_vehiculo_table', 4),
(45, '2020_09_04_103425_create_marca_table', 4),
(46, '2020_09_04_103459_create_tipo_vinculacion_table', 4),
(47, '2020_09_04_103521_create_linea_table', 4),
(48, '2020_09_04_103538_create_tipo_carroceria_table', 4),
(54, '2020_09_10_080105_create_personal_table', 5),
(58, '2020_09_10_083439_create_cargos_table', 6),
(59, '2020_09_10_083503_create_cargos_personal_table', 6),
(60, '2020_09_10_090105_create_vehiculos_table', 7),
(61, '2020_09_17_085624_create_conductores_vehiculo_table', 8),
(62, '2020_09_17_152151_create_documentos_legales_vehiculos_table', 9),
(63, '2020_09_18_194055_create_responsable_contrato_table', 10),
(64, '2020_09_25_041829_create_perfiles_terceros_table', 10),
(65, '2020_09_25_125708_create_contactos_terceros_table', 11),
(72, '2020_10_01_030812_create_contratos_personal_table', 12),
(73, '2020_10_01_032236_create_otro_si_table', 12),
(74, '2020_10_02_103748_create_documentos_personal_table', 12),
(75, '2020_10_08_094045_create_documentos_terceros_table', 12),
(94, '2020_10_22_054814_create_mantenimientos_table', 13),
(95, '2020_10_22_115940_create_actividad_mantenimientos_table', 13),
(96, '2020_10_22_120042_create_detalle_actividad_mantenimientos_table', 13),
(97, '2020_10_22_122158_create_facturas_mantenimientos_table', 13),
(98, '2020_10_29_001335_create_posts_table', 14),
(99, '2020_10_29_001527_create_media_posts_table', 14),
(101, '2020_10_29_001603_create_comments_table', 15),
(102, '2020_11_06_235348_create_admin_inspecciones_table', 16),
(113, '2020_11_07_093540_create_inspecciones_table', 17),
(114, '2020_11_07_093559_create_detalle_inspecciones_table', 17),
(115, '2020_11_07_093615_create_adjuntos_inspecciones_table', 17),
(122, '2020_11_14_045048_create_tareas_table', 18),
(124, '2020_11_14_045225_create_detalle_tareas_table', 19),
(125, '2020_11_27_052218_create_departamentos_table', 20),
(126, '2020_11_27_052417_create_municipios_table', 20),
(129, '2020_11_28_124547_create_contabilidad_table', 21),
(130, '2020_12_05_104737_create_alertas_table', 22),
(139, '2020_12_12_110811_create_contratos_table', 23),
(140, '2020_12_12_111259_create_trayectos_contrato_table', 23),
(144, '2020_12_22_233326_create_hallazgos_inspecciones', 24),
(145, '2020_12_28_141557_create_documentacion_table', 24),
(146, '2020_12_28_190237_create_documentos_documentacion_table', 24),
(147, '2021_01_14_154059_create_proveedores_table', 25),
(148, '2021_01_14_235234_create_solicitudes_dinero_table', 26),
(149, '2021_01_15_000604_create_conceptos_solicitud_table', 26),
(150, '2021_01_15_002047_create_archivos_soportados_table', 26),
(151, '2021_01_15_002609_create_estados_solicitud_table', 26),
(152, '2021_01_19_102424_create_admin_documentos_vehiculo_categoria_table', 27),
(153, '2021_01_19_153338_create_admin_documentos_vehiculo_table', 27),
(154, '2021_01_22_165731_create_cotizaciones_table', 28),
(155, '2021_01_22_165909_create_cotizaciones_trayectos_table', 28);

-- --------------------------------------------------------

--
-- Estructura de tabla para la tabla `model_has_permissions`
--

CREATE TABLE `model_has_permissions` (
  `permission_id` bigint(20) UNSIGNED NOT NULL,
  `model_type` varchar(255) COLLATE utf8_unicode_ci NOT NULL,
  `model_id` bigint(20) UNSIGNED NOT NULL
) ENGINE=InnoDB DEFAULT CHARSET=utf8 COLLATE=utf8_unicode_ci;

--
-- Volcado de datos para la tabla `model_has_permissions`
--

INSERT INTO `model_has_permissions` (`permission_id`, `model_type`, `model_id`) VALUES
(2, 'App\\User', 2),
(4, 'App\\User', 4),
(5, 'App\\User', 3),
(5, 'App\\User', 6),
(5, 'App\\User', 7),
(9, 'App\\User', 5);

-- --------------------------------------------------------

--
-- Estructura de tabla para la tabla `model_has_roles`
--

CREATE TABLE `model_has_roles` (
  `role_id` bigint(20) UNSIGNED NOT NULL,
  `model_type` varchar(255) COLLATE utf8_unicode_ci NOT NULL,
  `model_id` bigint(20) UNSIGNED NOT NULL
) ENGINE=InnoDB DEFAULT CHARSET=utf8 COLLATE=utf8_unicode_ci;

--
-- Volcado de datos para la tabla `model_has_roles`
--

INSERT INTO `model_has_roles` (`role_id`, `model_type`, `model_id`) VALUES
(1, 'App\\User', 1),
(1, 'App\\User', 9),
(2, 'App\\User', 3),
(2, 'App\\User', 4),
(2, 'App\\User', 5),
(2, 'App\\User', 6),
(2, 'App\\User', 7);

-- --------------------------------------------------------

--
-- Estructura de tabla para la tabla `password_resets`
--

CREATE TABLE `password_resets` (
  `email` varchar(255) COLLATE utf8_unicode_ci NOT NULL,
  `token` varchar(255) COLLATE utf8_unicode_ci NOT NULL,
  `created_at` timestamp NULL DEFAULT NULL
) ENGINE=InnoDB DEFAULT CHARSET=utf8 COLLATE=utf8_unicode_ci;

-- --------------------------------------------------------

--
-- Estructura de tabla para la tabla `permissions`
--

CREATE TABLE `permissions` (
  `id` bigint(20) UNSIGNED NOT NULL,
  `name` varchar(255) COLLATE utf8_unicode_ci NOT NULL,
  `guard_name` varchar(255) COLLATE utf8_unicode_ci NOT NULL,
  `created_at` timestamp NULL DEFAULT NULL,
  `updated_at` timestamp NULL DEFAULT NULL
) ENGINE=InnoDB DEFAULT CHARSET=utf8 COLLATE=utf8_unicode_ci;

--
-- Volcado de datos para la tabla `permissions`
--

INSERT INTO `permissions` (`id`, `name`, `guard_name`, `created_at`, `updated_at`) VALUES
(1, 'universal', 'web', '2020-06-12 22:08:26', '2020-06-12 22:08:26'),
(2, 'correos', 'web', '2020-06-13 01:23:52', '2020-06-13 01:23:52'),
(3, 'cotizaciones', 'web', '2020-06-13 01:24:00', '2020-06-13 01:24:00'),
(4, 'control ingreso', 'web', '2020-07-15 22:31:42', '2020-07-15 22:31:42'),
(5, 'vehiculos', 'web', '2020-11-13 01:01:50', '2020-11-13 01:01:50'),
(6, 'terceros', 'web', '2020-11-14 10:45:58', '2020-11-14 10:45:58'),
(7, 'personal', 'web', '2020-11-14 10:46:23', '2020-11-14 10:46:23'),
(8, 'blog', 'web', '2020-11-14 10:46:44', '2020-11-14 10:46:44'),
(9, 'tareas', 'web', '2020-11-14 10:49:35', '2020-11-14 10:49:35'),
(10, 'contabilidad', 'web', '2020-11-28 17:53:41', '2020-11-28 17:53:41'),
(11, 'hseq', 'web', '2020-12-19 17:05:55', '2020-12-19 17:05:55');

-- --------------------------------------------------------

--
-- Estructura de tabla para la tabla `posts`
--

CREATE TABLE `posts` (
  `id` bigint(20) UNSIGNED NOT NULL,
  `fecha` date NOT NULL,
  `titulo` varchar(255) COLLATE utf8_unicode_ci NOT NULL,
  `slug` varchar(255) COLLATE utf8_unicode_ci NOT NULL,
  `imagen` varchar(255) COLLATE utf8_unicode_ci NOT NULL,
  `contenido` longtext COLLATE utf8_unicode_ci NOT NULL,
  `galeria` enum('Si','No') COLLATE utf8_unicode_ci NOT NULL,
  `users_id` bigint(20) UNSIGNED NOT NULL,
  `created_at` timestamp NULL DEFAULT NULL,
  `updated_at` timestamp NULL DEFAULT NULL
) ENGINE=InnoDB DEFAULT CHARSET=utf8 COLLATE=utf8_unicode_ci;

--
-- Volcado de datos para la tabla `posts`
--

INSERT INTO `posts` (`id`, `fecha`, `titulo`, `slug`, `imagen`, `contenido`, `galeria`, `users_id`, `created_at`, `updated_at`) VALUES
(1, '2020-10-29', 'Post #1 Update', 'post-1-update', 'blog/post/imagenes/imagen_20210207121625.jpeg', '<p><strong>Hola!</strong></p>\r\n<p>Este es un nuevo post de prueba con galeria de <span style=\"color: #2dc26b;\"><strong>Amazonia C&amp;L</strong></span></p>', 'Si', 1, '2020-10-30 05:53:03', '2021-02-07 22:16:26'),
(5, '2021-02-06', 'prueba 2eqww', 'prueba-2eqww', 'blog/post/imagenes/imagen_20210206105935.jpeg', '<p>Dependiendo de su funci&oacute;n, hay muchos&nbsp;<strong>tipos de p&aacute;rrafo</strong>: narrativo, descriptivo, argumentativo, anal&iacute;tico, sint&eacute;tico, expositivo, literal, etc. Los cuales com&uacute;nmente se combinan, seg&uacute;n las ideas que se quieren exponer. Una obra educativa o did&aacute;ctica, combinar&aacute; principalmente&nbsp;<strong>p&aacute;rrafos anal&iacute;ticos, y sint&eacute;ticos</strong>&nbsp;con algunos descriptivos; en cambio una novela utilizar&aacute; principalmente p&aacute;rrafos descriptivos y narrativos.<br /><br />Fuente:&nbsp;<a href=\"https://www.ejemplode.com/12-clases_de_espanol/362-ejemplo_de_parrafo.html#ixzz6lhkXkBy8\">https://www.ejemplode.com/12-clases_de_espanol/362-ejemplo_de_parrafo.html#ixzz6lhkXkBy8</a></p>', 'Si', 9, '2021-02-06 20:59:35', '2021-02-06 20:59:35'),
(6, '2021-02-06', 'prueba 2eqww', 'prueba-2eqww', 'blog/post/imagenes/imagen_20210206111438.jpeg', '<p>Dependiendo de su funci&oacute;n, hay muchos&nbsp;<strong>tipos de p&aacute;rrafo</strong>: narrativo, descriptivo, argumentativo, anal&iacute;tico, sint&eacute;tico, expositivo, literal, etc. Los cuales com&uacute;nmente se combinan, seg&uacute;n las ideas que se quieren exponer. Una obra educativa o did&aacute;ctica, combinar&aacute; principalmente&nbsp;<strong>p&aacute;rrafos anal&iacute;ticos, y sint&eacute;ticos</strong>&nbsp;con algunos descriptivos; en cambio una novela utilizar&aacute; principalmente p&aacute;rrafos descriptivos y narrativos.<br /><br />Fuente:&nbsp;<a href=\"https://www.ejemplode.com/12-clases_de_espanol/362-ejemplo_de_parrafo.html#ixzz6lhkXkBy8\">https://www.ejemplode.com/12-clases_de_espanol/362-ejemplo_de_parrafo.html#ixzz6lhkXkBy8&nbsp; wwwefe</a></p>', 'Si', 9, '2021-02-06 21:14:38', '2021-02-06 21:14:38'),
(16, '2021-02-07', 'prueba 1eqww', 'prueba-1eqww', 'blog/post/imagenes/imagen_20210207115619.jpeg', '<p>Post prueba 2</p>', 'Si', 9, '2021-02-07 21:56:20', '2021-02-07 21:56:20');
INSERT INTO `posts` (`id`, `fecha`, `titulo`, `slug`, `imagen`, `contenido`, `galeria`, `users_id`, `created_at`, `updated_at`) VALUES
(24, '2021-02-11', 'prueba 3', 'prueba-3', 'blog/post/imagenes/imagen_20210211175507.jpeg', '<p>post prueba pagina <strong><span style=\"color: #3598db;\">Medicexpress</span></strong></p>\r\n<p><strong><span style=\"color: #3598db;\"><img style=\"display: block; margin-left: auto; margin-right: auto;\" src=\"data:image/jpeg;base64,/9j/4AAQSkZJRgABAQAAAQABAAD/2wBDAAsICAoIBwsKCQoNDAsNERwSEQ8PESIZGhQcKSQrKigkJyctMkA3LTA9MCcnOEw5PUNFSElIKzZPVU5GVEBHSEX/2wBDAQwNDREPESESEiFFLicuRUVFRUVFRUVFRUVFRUVFRUVFRUVFRUVFRUVFRUVFRUVFRUVFRUVFRUVFRUVFRUVFRUX/wgARCALIA8ADASIAAhEBAxEB/8QAGwAAAgMBAQEAAAAAAAAAAAAAAAIBAwQFBgf/xAAaAQEBAQEBAQEAAAAAAAAAAAAAAQIDBAUG/9oADAMBAAIQAxAAAAD64AAAAAAAAAAAAAAAAAAAAAAAAAAAAAAAAAAAAAAAAAAAAAAAAAAAAAAAAAAAAAAAAAAAAAAAAAAAAAAAAAAAAAAAAAAAAAAAAAQSQEgAAAAAAAAAAAAAAAAAAAAAAAAAAAAAAAAAAAAAAAAAAAAAAAAAAAAAAAAAAAAAAAAAAAAAAAAAAAAAAAAAAAAAAAAAEQMKDREDRASQEiBaAAAAAAAAAAAAAAAAAAAAAAAAAAAAAAAAAAAAAAAAAAAAAAAAAAAAAAAAAAAAAAAAAAAAAAAAAAAAAAAAABASRA0QEihIoSRA0QEiwPCgwsKywJpAAAAAAAAAAAAAAAAAAAAAAAAAAAAAAAAAAAAAAAAAAAAAAAAAAAAAAAAAAAAAAAAAAAAAAAAACAkWBhYHhQaFKaICRQYSIeFgcQHhQaIgaIgYWB4QHWuk334ttgBKAAAAAAAAAAAAAAAAAAAAAAAAAAAAAAAAAAAAAAAAAAAAAAAAAAAAAAAAAAAAAAEEkQSIUwoNEQSIDwqlkZ6DccqmTtHn6T00eUqPYHh6K99HznMfTq/llafU6fl0H02n5uV9Do8HB7ijyDnpKOEx08+dhadWuPoXT43ZlAFAAAAAAAAAAAAAAAAAAAAAAAAAAAAAAAAAAAAAAAAAAAAAAAAAAAACCSmg2nLoO2ebzp6yPFZj30fOc1fTl+U5z6vR8sD6Zm+fTZ7rP40PVZ/O2x1s2a0ozda+vPL6es84en3anjrPVqeaf0CnEfshw56tuXKs3kuM11lRapVne0SGVYgSJguCyQ9V3PPdyrpqmLJqksK5LCsWwrCwQHEBxQYWSSAkgJIkAAAAAAAAAAAACCSFHM9RtOZQdo89WnpTyOU9wfPcx9LPl1VfU6vl0n0mj5+57bP5O1O/m5uhYydOtOLn9JK+Yn0wean0kV5w9CHnDRWberZ0kxJ06DkpqzwpItK3UpXppDQ1bLYJIySC25rhxFLSqC1a6h7szJctUFtUUrfQio4qjJNcojslt0MRDqvou3wOymsQasEBxAsEB5rkcQHmuR5rirZoqNhzKDtHnqT055KlPZnhs59Bn5pQfUU+XKfTKPnVp7mjyVseizcy2rqLsguTHB0F7snBnukcKzspXMfoTGFuhNY9NkQMOKPJRY811reC53o4cV3qOHVFq5ajcuJDfHMSOpn56Vpq7eY09Pn9FGqvVeZi6eEzjQLTfUUV3SQ0uIzSLFgUvYFcuC2oI1TwINCrDwVpchWriVrYkqq8CvEpoZZCJtOl1+HXb6mfnNJ9MPm9x9Cp8Gx7Snyjp6LNybDZTEiVaAxVdOF5UdQOW+6TAbVMsaIKIvUzprDE+lSu+qDZdz7o2vhc25DRXmz0PnLPWzjmXWZQuVGLSoLJqC0qEgkUFhJUghLIK4sZcybqUzJchXFkCK4tY8HoM2nKb+hz+iWK8GPF0MZlq1wY6r6ooaWImZqJYIGkWZkUYRRxai2CoshKiyCtLUWtXCtXWKxkSXrY0PZrKHugSp0t8FdptZ7GrPqUYkGHFaWFHkUYVRxKotCibJWhdEGZdKFC6VM8aIKIvgz5teYSwtB7nM+qm8t896LinSYchpYVhhRgUeBR4EGCuHVFV4VYmSsdSuHUrWxSuLFKxgSGk7eTVjOrux7C0ljJm6VZz26Fh57L6mk8xd2sxluqzHTfiZK9W/kQ7tWbfFM3AkWBQXwURfBni9TPXfCUJehSmhFzJdAnUnYNNgUrcpzogPPGlk06s2sHGBhgkZR1kdSSCQgkK3GK4sgqi1SqLoKixSui/OVVXIQ0sDkk2pYWcjr4DY82IhbKoWMVTYxSXyZ41BljWGONSFAyEtXQa55odM46Hcfz6r6KfNVnqm8dtT2F3I5SetPAJrP0XP4HdXqM2GyannbMNzlq36jz/S6RneWy5ahq8hKSGjTn06zrsLcaqLSKy0KYvUoi9Slb1MsWhni4ShNSLlvLx9SaAi1SlLVOHNcmEuoS/dz+oKwDNErMzJISExJISQSCNFgkOFcWQJYkBRZUU12IVrbWRZMiuMDq5bnu5a2aL7TFHRI5sdNTmL01rlp1VOSdNY5kdFDC2hCp1rNLZFN084OnPJSztTwkPQLxA7DcbZZ1ct+H0eLBZVG+PYuwbOfq2tlwcvXdNNbfTXl7U2BExCznCuyd860vrNGnHul6Fy289pLAo4VrapWt0FSWqZZYKyyRFuDPc1g962kJcpQt6R5YUpsXQ5aae7wu+UxslcbaIKWeABiJkAJIJkR0sIJgiJgVWUrqsQrWxBFdSWJIYYiZkXBuxLv4vWsOA/rpTyb+rmPKP6grzTeiI4D9yDjN14OW/QKwtqDKutTImvKKSBOm85x0SOdn7GDWMObfh9Hj5zaoua+jl357YtWbRz9lYxnd+TVzd8uvPOa4056MmevXOK/p8fXjhWWej2eN9Fw9HpL67uHSJaRB4EJgiJgKrKjETImrPqLQglkmLrKnp1ECIQ8aJBt43Y4qbPQ+f75qeqJbJyKboxzWt80mmKpLCuRogK7EYImBFesVXQrWwKoukzrsDI23OUMsjylhRk05l0X5LTuGGU3ThY2GRTbPmLj0J5qT0hx1jrxxFOinjV09jX5Z49Bz8CWdGvKy9nr+b7EbIzSW5niwmZ68lJgIIMG/OvP0TcvPs18Hobt4469Vd88adGrn15OnTVrnlevolXQx3Y16bV567nvtHIY69PPk3xhDbGMNdNNRYUhdpwXmuKAvKA0TmDQtMF0UweeWIk38brcetfc871I67c+w1VZlXQlFNbkw0nVfk3HQbExrnKxc2eS6KgsVIHWAiGUgmAmAuplQIkmYEmi6lqWpsNbI6PJJCOgkQg+a7kHSWKashLyqa6zVs5HRi4sQhoCzRltLISCxEmyzKc3t591JTvh0LOL189pyaox35+/j9TeIquXChNRNU13VrVQ4mPo57lstqeXZbksxrU+RjVOdjQUMWlUpZWKBATbSGgzMXlAXlLLYVwlq1qcNGrl3cjqclL+ny+hG+anVlFK8ujHUZ7M1aL8d1brMUaz0G57m1+fbLqMr5XFQtsVhYVwWxWFk1kWtR1Y5hBo4sk021rRbntNzUsmhszF9LIVqKWeJ9twq5Z6dTj9i3Uvmuf8AQs58+9jzuhJtRVLCoNC1qWxVBdfi12Lzegd/Lwd2C7t4rOxxO1y9JAmPRanPW46ipOdkqKY9OJrNZmtLNGTZLZM1yu9DY1e9Dl70WJa1TFk1gwsDlQW1wo81iWiBY9NgyijLCnGqeqNfM3cyat08e3GvTafI7eO/QnmrDuZ+c2mrOufUenHX9DhuMJ6Oe+cc1tMT+Xrq38/Z5+vSbLRG+eNTXfbl9VlJFRiJiXrUcRqaYkitklyX5dJumWszVHPjqVpGmkM0alrC5HYpW/JHoKeRVbuzbOWk28LpCRxms7zZtERVViNvf8Z7LRF0eN1i/Fgqzv0fp/m23ePW5627eG5cT3FuvJXnfYMtvP12cyzBc5rsltxu38/Tjt0cuvOZpVufWZV0u6XM6Nmh6rM6Yz8863MjTvF8YMed7eTs53XnZs5GmzvafO+i49LLK7ZYSyozRZTrPGz358auwbMkYcW7npPV53QVLs9y3VWwNwO3za6Xe8f3eHXncD1HF3lOti9T0xxG0Jz+lneRt8+q7XGOf1V3wj0PE2zlrXMrOvm24rOOnTgj0fnuqbpyBprWVwX5tBydfIsT1VVNkttlLlkVLYWwi3EmUVPSYban1Otz9/NMmnFrMm3mbE3md1eaoJ7PA7VcXz7mO1F/U6mevned7KquD0Mjez49l+R+3gvfFpm+q1Zx9uTNdl1y59ldqdHbh349G/i9bzPPt0GxFbZwvLtMjGyczLemPMnc28PoXGpeNrzvoV+f6Mr6+XtrpW49pY1lkZ40hznS7Tz+TRn5HotRcHM6HPss6vJ6Esqym2ugL+bpSuZ3eRdy7beR0a8dcfRyWejydOhrMezNGonoyve1zzX6du/Lk7mJry22c6JN/ke56Cvnmn12DpOH6Cno0tW/LzsPnsjHpyazwrd904/qudoOsYrYr0EU2rmVnRblrXTyZmlxdLNtTq8bdjjl6bCzgz0Zo6GfWJzu1gl5nf5XUa8uR3+fo3SYc9Na1TbVzenyPb8abKLvR8ubZbHbpILz9OPN0eazja1V19HndLPTTyOhx8ejrtbMK8Wy12Ndm1muw42Pr+a1NR54PRL5VK9YeQk9nd4Z49/f4P6CK+2yXnJ0ueVxzjOqM91EyNXdLyOdv51zZu5utdRSGwrGiuITHMIa+ryHx17k0rd6WpYtMBLvMHOPQtzKLO1PD02dQ5a2da/gB6GeAqehPO4Ln3eHFqswWc501dDk96OMXW1geuE3aMOo0wgsJFOs3Rmiy0oeWzbivzdlbVStUyEullW2V2gMRRLo6YtlOjn6svA9LhWqvZiMWy6fZ8bIlur0eBNVLc+11VVWbrxaMs6Ssu1ddncthDn2vEMdLnoctmtoeUCVEIralJhSxnqmrnqeW96LC56nV5rewiQ4dd1POppybF89h2Y0qvzWGopY1GaFvKAlVLL9GDVz6+nPONj0ehCOmM+nm9GJ5nSzrfl0xZk1c7oxZn53Tp76cdzp0YpNXM4hnXp+hy+hvjxJWNZs6XN6MTRt7deQPXieV1dmF5872ORR3jU4E+mY8vPp0l81f1CMte5pecvaLONZsCm6xCK7gqvzrZJi28vXUsLntNVcU1K0+/4Gh80b8uitbV0UWaefow1dPFnpXKpY9lbXDSU8vTpKTHTS+eyr5qaLZrmVq4RJqmlZILl5rFusqcvspcuepx3rYklbOGVW8907cWs8zRfQmW6mwtZJVyAmIBZIDRn7eNZW97X4vT5+n0USeT0+gTLjHaiuKvaiPN7OuleW6/RiuZHTWudX02rx8exJrg9Drcv3eblzW/TOjp8rqRZqwXr1iuxrTOWLjWuZy6aGzbitatKwtKwsrWjTU/lbNz0q+cU9JHm7pe7iux40/kvS+R59et6Hz3Ym7cV9k6cTVpq688ytZ7/zKQ6FtkXY6276K+H0NPKv5lzpzwa53DTrD4rM/L03NTON6LKHrQ9ExoKiLEhKmmykkSbHeuZbLK3LbEceyti2c0VqMsVxdfP38tU68mk89m1Zkx2VuXEQrQsDiSPESHU5WznfoD5X+P2tgOVq8d6/zfe1dbRyNvQxnxeZ1F5kbdQ5ynRXOsuh6pasEFu5nT531vP5+7Lp9XPT1eV1cqteTYvRMpz10IwatTRRbNc0u5k6azy3Gs+hP4Hrzfp4xTz320unv5sNHSqTCzU56NZZazOLXjqeH1ehvfmtb2N55YlsTOej59qrdrhXXZS11H4urn330c7Qhm3Y7lbp6uWF96WcBZq57tmkmtNmNzZGaTWZbC+aGGralLJrcLK3LHrdbnqYvamylWZsrLIPP9Tidvl0ovotOHh6GFMFiylkLCuUwaZyxGycK27tHIsy+rrL/B7kQc6eX9PV0eM7/Tnra67l4qYuKyzemrXFq2xNYtpWE8fR536nC3bg2+nlo7vn+vLVv4/at5l0pz98zGdv0Gny3pd+PN4f2/zi8uvRTtx133crTx69izh9TL0iMvs8cZbckRXbOUacsSa8t+bWm4Pa4PXr6fg5en14q6Web1nK6uf1/Ky61fp4CxtXL02NU/l+rOHZm3zxas/a1ypuK5dQzHksuiiSAiJesq16ni10toZyK0trAiam2qwutz2SWSs3Vj1WWEqU6geT9F5n0/LWd1leVh6HPZxALYBJAAAKKyVLKR9G087o/n/RDSSzW9dkyrS016orGMjcUXz3lU2nqmA1FefX0tHPXAx9vzHp57bsO31cbOvyuumH0HlPW2rr5W7hb3x2buhqo3Kvnv0fBb589Jbnr4/oehlz5Fm9jcc+dY1ZE0xUTmiWsbMsx7MetXXVv6efD7PM4tvoefooz1s1cv0N58S27QnOt11Y1mtSMdduWzFrGnq8FrI4uzkyfQ9HivbTPmaOuscavr1HLndKYG6EmS1iWLKiS+c81SK2ozo8WNW5bZRcrtJVbSagrIeR9T5T1XLdUMqc/m9XlGKJgYGFGkWRSyqSImZPb9Xi9f4nexsme76dfBnV7sZ9LKTNXG35LbcufJHXVkNHqxjXWmNVF0rzPJ+t8f7OOjfzej6eWnr8jrHK9b5H2DXmNfFjzfU9N0PO+p6eGqLjpxWu99ThtoxZ9F2/hi9vPxb06FnK2Jf1ObtvKUWZkAxDFrxb1tjHHdp4263pyspTXHnr716Zs5XqeNy6aKtdPLtiawxu3VVrvJiISOR1uVNcv0Hmupx649XLb0+TtVcx5NejmWHW1efvmupiFhplZFsrVK2zvtrStixkmW6zOxrfn7dVpSbmVA8T67yHrcahWSM/G7nBMqPWWMkq0QICwOQDSovrunxdPzvRq5NWbr2sqmtuz0nlOtrls5lC41p63nacPd4rKfJz0lZ7I1ULEVLPn3n8l6zyfu4W7+fu9XLb1eT1Dmez8T7m3kvScHU523lXtf1uF09TbOXV05ZradNotfNze0nI6pRpox6nSrVpKKLC2b8kRsxQuWhNtHozz6NG7WeTp1hTy+nSvTpxZ8a6OdKOXXXqpuuGZZkdZWGou503jspzcPSlvC2+r525ct4tclZTRbjS9THsjoLYSZk111zmzGs68wrVzURLrObm07VnP0VcmXPHRjEHL9Z5L0+bfXZUL5/0XnEzo9Q0wwAAEEkSszNkduyjb4/Tylux79FlJVct1ON0mFrRps9Ddt8+LcmijyZWZPfKVuoitL6eWs3lPVeV9XGzfz93q5bOjzOgc/23kfXW8LT1LMMPG9JE6ea9IFTbTOuaWXpoY9uWassSqyyu3KdBL6Mxc+hecxUdNFqzbsGryKM2D7Ph9Db5mcb9Jq80/Lp67Pzer5+nRoxZZrfZhaXVSzpY9F3OzEAwrR5rn+h8pnpQ91vTz0FiRFjOib8Wpdku0F1LSPFegivRTtWlqKg0ZLVetrpoLMVW9brPVqTM896fy/ojfWySnm/TeWSuqaDRNAaCmVtFvK7GnKHgzelrwdjx954VHpvVvyy+qu5vM9zq08Jk6qPrAjvqV5dzYcmzpP2nLTsYTHRiXHa/yvqfLb5PsxbPVx2dDm7oo3c3NXprfLrXrH8i57S/xFh7y3wbL7VfH3Hrp8nYenbzeiu7HJsN0ZFjSue0YZzNz+thMfO9e/fn8+5/1Fe2PlR9H5fTHjvovmfU+XtpxaMPLo+e17M/M6nDzvVSoaer5r0eaxEpX4j3nnbniXYnY0rVK6bMbJp6PJ9OLl73EsJqOdfVh61VYOhy9WkDn0mWLhnqWTXtwp1mtVkqpspPP9ni9OXtrKFnmvR+ely1XUsvKuqvY8sOpm3FMy2lNZv9X4b6D4d8LpaY8nZ7M89JfOae0y8npc6T004zhNWSeRb3LOA0vaOPbht8516e2svmPTea9/KdeTV6eOrdg2y049uWyGaSJlwtVx3RyWiQYaWJlrCZACBKbqLM9VtVG3Ay+9et1YUJDlnP85gM31Nnh/U2ZvR+f706R570teN85t83FmfSLVbMVZ5vveZ1jl3163POVyPAJb6vx+s9156nDZsMM4ur0Xke3Wvm34i+LDKmvRz6nbgtl0RQGiqa9wSBeL0sG07kI0Twe5xVx03JD2Q0SQSsJA6Bc1xBqv7nwnsPD17S4tfzeta661zxdOnL4no/K+rPoDkDW+rkHa9y7j7LjVVzcddM59p0PNej4m8VaarPTx1bMe1Yo2UwhbKI1jlT2SIzSK5JDk1JMxEyKsMlldNtFU1W16yjq0171kZZIA8H7XwWddHO3P59sWnKu+Pstueia0vkpm+i/E6W8bYrAuzMX+S9B5i4p1ZtUxzwCWRhpVgIlCYAsqktvxydB+YJ08VQtz0waTOGiaJq8ogosrZe3ZRbLPH6/KjBXfQWvWRYqLYyxNXMrmYBT1flPTePr0RT5/oZqUrWuWLF816Xn+nPKLn9CubbczDs6b7nDTvmbxbelMYsWujeMyaM/fjp2ZNS6CWFmwRWmQaBXlZLJrksath5UGi1qyVdPOnMqrkivS6YrdLr6tlnVmAKvFe08Jje1dvnsdsFerHvh72adOs8Kvtea499mriW9OXbs4t2s9HJjo1np8js8SW6/NdmY5iaJiSZgRiIGFmAiSZgJiQCJGlGphQZkCxYFz25njs6PP6F6eAqymaNi1UdS44R31s4R3Es5Vu2teXGlCr0PB7fm6dCaqfB6NMZzS0zmlrY4roxmNS6cqVqMkaapxGmp+fCOhq6c8Wbpc7vxu15ddaHVoeVIaVlZmJsaYlR1kaYkJGIJkRLQzJpSKa9CGayy09IQdEmflam7x3ovMZ10uNGTh2SsOvD2m7DuS6u2+uTG6vl351XVWXjW9c68avHe08PZY1QywTBMSEgTAAEVMhBMCTMBMTFrAARKMQAEJfF8c+tNWybOXp0g+nGS9I57LujHoSYtvXG26DKWqUWQctWZ7s/j7zCzo9VlsZriAQihX7XbPAPRJvPno9BNebPSVnnj0PB1hKS7ryjXm1F712EkkRMlEkksESDA0PaNEjESgEiLahStiwltdtveRqNuZxdfO650ZooTDm9BxOHXO2vDc+50c3pSadFF+0c/pURkKdOdAE0nz73vh7liC5aawvfGJsMTRsjI1aTPMaJpceUkaBgCEkAAFGUsAiOgwY6MExC2Rai2QiDAg4I0gMkF75ZLtPPvxrTm0Hh9FCaY0ouiAUWyfScH2XPhi1B9XnlXYbzjdX3i+cs53q853/N4uLHoyZt2nLpXqa+Tcu2k0piXr2VxJ7cnEO2Rxm6VKZGdQmAlkammGIV0ErtUqvrujqZb+N1c/Hro3MtBZJ0cOq45vF6vKxrv+i876PN030XazNldkvLTs8vOqrV6Bh8J7vwmsMEwEwPrx6UvS0jLT0Kjmp0UmsCdSuubPQWzE2sjM1yBKJWlsaxvOfFdEwzHfYbG4kmAkqFeBRpFJCFtCouIojQtU9fmtXdTivm9eOZabl31mE6OfzS7k02ebz+pbhz9Xr254und6ELlNcc8OhxdfPy4lPU141wdXbc5rdJVwzqWM41VjSgPZU1atHNg7NvAD0J54PQpwrK6lWfQVJvZObHTK5U9HMUZL6L3zzqu3z4F9+fpxz68uhJ4foMObT6bx3seWtV9F+hbU5dXZWkEGpzPH+q8bgwrBMSNZW2beViWQjLKkS2VkVMAk2JI4oSECw0IkPC1rcqdksMdFZgVoaEGilmSIhoIkKGlBlgJrdzEvS0xxN3bjlm3Dhjlh5H5Sq4nljnZu3V9Pvy+zHd63mcDr0HNnokvObesZrLIiba2L7cky9C7ltZ0zmi9OMFsPVZBRVvc5lfVg5NvRQzDVgVKl9mC+r1QprqZs3VB2xZn6lGO/IJtz25tW/NrEZ9NO+XA915rq8s9u6m7eZZHLq3rImDU4nkPVeVzRlaCRoGV5ZgAlBLBRZiBLVmIloCJFHIKFkIiQhWQ70wY20wVJMQRMizMBErDQoSReUt26PNjJsxZcZ6+fDZiVs0CtE1ZZXfzysSuMNW9X0vURM9bLADJJCukLEwSySTMhBMgTJEkwCxQwBIS22ZorVZiI3VZohc+mbObV1qLctmi/ebY1Z+/OzBivzvn2b6+W1LsGOp0/Pam+jOi7eLdPHuXqPxelrltrmLyWAs855z0XByqLYliQiYJWYIIASSJBlEtFFsFlSUdIIACCRAZGVO/Eznay8qkyRAIjwkqARIshux7+Wcy6K/FwCC2Ig1qFFpmWZLNVGjjipHrRqLavoelmU7aYWC1UkYghSHCQJAoCSGhgCBLJkACQkiHCssUWJcrh0ErtQTZgy163Pwul0ynL9U1eU7C1aRHRDlZuvdHLv047OlXgtxbc3G2469OaS76VnJSp5XSzTz5M/Wsk4cd0rhR2lOOnUqOcalM5oUpLhKJsgRwCYeFiyFhHSlGVJVlX0DKY04gPCigRAekfhnywx30rG/MwdToZvLzw1208sLJG7BMqi2IktFuZbZEcs1IysitHv9USHbYEEkMQjNZBMxEMUrEkEhEsssSNZJEjCtDCgzIVKijDBWOoiWKVZdqnEjslY/Scrp6z0o4uE7WF9W5kz7uZ0krfMsZL+fmWZrt0uDSjs9O3hb87nLoTGsy7Wjnx0YMLaUsSxUq+aFLkgEW57nn1dhjhx3oXhT2K05hvrXDXqEzLbBSXQdmFaakghomILLfR8Zf5qmzxcMnS9D0N9MO9H4Q8v6PzGszntSs1PQr1ck6ESpbZpbScnS2nliuu2vSBl9voYifRsBVlRkGiQABgIlXIBRmhiGiRSyVrLBKpsgWJUW1AYSakggWQWJgOzwU07ODOGXB2VjlabsdnV6Pk7tT02LH0emasHoKa8ld1aczm9HBgmu6/Asw6iVzLY1RLe+UrZZzpTqHNletHNZeguOwslbEWNMrlnQy5mupHFgunPFX0S0znq3C4ZLESS6K+vvxeXn0OAp5uVWitsz3C12Y6M6GrT53u8Fmi+k1R1mGdbUrrvvMBfTBVdTnCJZXqQE+z0rD1+npDSIwBLJJIBKywpMA0SSQwTDBMSPCwWwoQJdSjuUJqUzRqQzrekVDRSVOArIMK8QTAmXbFcaetVZX3+F3NTp85uVqaOfu16nAw+xeXy9V+Zmwk5dEGBZHRGmAJKWQWZUJtpkvtxNm7TA1vTt4zx1zk2R0TE63JBFR1NWeVV3Ar8/LWUbuJYV8ZpsrsZ9Xqwb52dBaycXq8vOc9yX6K1cxLRJCtdiVW6iTi6d8dLjy9cxOAdHm+/sDN6eiSMKOCTMijqLLKExNMKQ0pA7KDSoNBBNTBZKSM1ZVs1BaVA0EQVtXVZchWQBEtCQ6kgUdrhtqep5fOrMWHskcfZbiro7PO3XNN1GrtzImfP1gGFYcgkpR4lSWiwVxVixYrZhUHBGkiCQiYUaGWOlzrLPH56NUWSaEg5peu3GUCTu9fgdqdHmiTn4N2CRSt9C6p8oezXmV6YWJCCAW1+Vlq9W4uV/d1gAgmRSQiQAFGWAcAiJAIkCQiSQmKiyVkkCmImCJUmVkgFGqLBYgIhlCGKmuYJggCSkdXhJkFBivPsDJN8alBcRSXJFUuWQWwVDltTMCjEqw6gliJEuKsOoEkLFkUkMS6nD5/mmQzGUEdwxlGBrd1wzsULMmIMq3DSdYc2sCGgKiAtz8QPbqZD19pAsaAiQKAIhgFQLGkIhQiYC2ZAAKFBFcLXAyUCiAJAGAUAKnCRAC24OkcBFUBM4CQGbIEoBUSEEgJAEAVACEASBSSCEBNTAJAFoBABYQCyBlAEQwV//xAA1EAACAgECAwcEAgMBAAICAwAAAQIDEQQSEBMhBRQgIjEyMxUjMEE0QiRAQ1FSYERQJWGQ/9oACAEBAAEHAf8A/b3I5xQ760Vv/wCzZMmTmRR3ioetoQ+0NOh9qac+rUj7YifWWPtewfat7H2lqGS11zHqpDvQ9RAqfm/+r5MmeGR2wQ9VSh6/TofaenH2tSPteJ9YH2xIfa9w+1bx9o3D10h6sepid6R3k58jmWmbzF5yb2d3uO6yO6o7rWLTVHJr9FVArfnX/wBP3oeoqiPW0IfaWmQ+1qB9sVj7ZH2xYPte4fa15LtS0faEmPWo70md5ZzbWZvkRq1cxaXWSWV2dq5R3fTL9m9dlPl7vpdaSLNBTBpLRVHc6jutZyIkakkbDYNIUNxtRtXhUdvCD8y/+h5HbXEer06H2jpkPtXTofbNQ+2kPtuRLtq4fbFw+1bGS7QY9ZuO8SOZcz/JZytUzu+oO53Hc3kWgidwqO5Ui0lJ3es5URLzEViwVs02+ZIy+GFx/v4V6cZPc9vB8M8FHHFPqjP/AO3clEd9SHrdOh9paZD7WoQ+2ID7ZZLtmwl2zaS7XsJdpSkPWbjnzN97NmqZyNUzuWoY9BMrpUMl8U6ZGl7NolWpR7O00TutER1RQ4+CSyYQ+kl49vmz/wBPwQ/98CfQyTmLymTJuN5v64gscOpkyJ9EZ/BkyZMmf9vJk3Id9aO90IfaGmH2rp0fV6R9swH21gfbkiXblg+2bWPtK+Q9TqJn+Szl6s7trJHctUz6daLspsXZMZH0eERdkQ27u51ReORA5SOWbDabEIn7Gfsu+KZo/hFwkia8D4MrfTjnjkz9zhuNxuRvRvRKbwKWDczLOp1Oo0zYYNpgwYIoS44Mlb8i/wBPPhyZM8cnMih6qiI+0NMh9q6Yfa9A+2qx9uEu3Jn1q5k+1tSfU9Ra8OzVyNmqkd31LO63ndLRaNnconcaBaLTI7tRESqQtvHqbTYVuPReSeBJ1I2pisXplJ5t5VqJLZLBgxxaJ9IMp0ztTlrNPydPKWl+FC4NE0PwSNxmW43MyzqdTqYNhtNqMGEbYmIjX4ceDBH18VL+3H8+TJvQ764j1unQ+0tMh9rUD7YqH21EfbUh9sXD7V1I9fqmPUXyN9rNsmcuQqRaeJ3asWnqFTWKEUapLlon+jQ/JHxbEYOhjhgxgz4lugK2eR2HORzooeorHqKzvKR3o71Iepmc+ZzZjnI0PwHav8Nml+JC4MmiSMcZf7y8Gzhp/iXhyh31xHraIj7R06H2rQPtiofbI+17j6lqmPWa2RzdZIcdRI5Nh3eQtOd3icmJy4m1GOGDYjYzzIyZELw6pfaJJo0fyeF2xic6JzImYsyjebx2GZG6RzJnMkcyRvkZf5tF8B2n105pvhQuDJjRga4S/wB6PBLcKCRjhdqrdNS5S7euRPti8hq9Tcffkcixndzu0Tu8Du9Yq4o2oxwwYMGDAl6mDBgwYMGDBjhg2HtFaK05pzTmlct8sayC5JpvkkbpG58cGDH50kzZAkor8Oj+A7R+FGm+CAuDJDMDiND/AB48OOOPxohVkUTabeE+sGa6rlaisnDOwrSiY4Y8WDBjwr1ZgwYMGDBgwYMGDBIQkbGYa4U+81PxkIbbJf8A6HS/AjX+2BR8MBcZDMGCaJCTFVNi01otJYdzZ3NHdqzkVo1G1TjHBgwYiYRgwYMGDAzHDBjg+EYORXSoiRtMcZe07Vj8RZHbSL1F+bBjzMwYMGDBgwYMG0wS4IQrJjtnLhX70XfGL5Jf7+DYzT/DE13/ADKfiiLhskOqTO7s7ujlRHVUOWmgPXaWA+1dOPtesfa8h9o6pj12skKzVWZOVZI09Ch5sGDBg2mDBgwYMDMcMG0wMhByZCCiJGPCztGP24GoWaGQ/QvwLaYj4v7fhxwYxiXhh7kW+xkfkkL8uDDNrNkjlyOVI5UjkM5B3c7vE7vA7vWcis5MDlQFWspLSTFo2R0UUT0NE8GdNUPtDSQH2vpkPtmJLta0n2trGS7Q18iU9bOEirS3WIjoULRRFpazk0xPLEnNzMFfo+EPQxwxxxwwYMGB/owYMGDBtIxFES4Y8PaK/wAckv8AGZD0iL8/9vHgxwY+K8MfUmnKLUdPZulJQZtNptNpgwYRgwY45RzII59SHrNOjv2mZLX6eB9U0w+16D6tXg+rn1aZ9UuPqOpO/wCqO+atj1GrNHq767svtDWSLtfrh6jWzZypzK9PHJGqBCqGDYiaRKJHCMrDE8G4yZMk5bhcKvaIh7THHD4Y8T9VxwYGjAkRQl4smvX+JIh10yKvjgL8/wDZePyYHtGPjgXhRkv1KoipLXNvHeLTvFx3jUHP1RzdWczWG7WH+abNazk6s7tqTuV7Pp9h9OmfTpH0xi7OaO4SO4M7izuDO4ncTuJ3JHc4HdakcigrVMLNybkWG+UpHMZVZtyJ56w6RQ5KMXLDnZv5e+3dDz7ZpPPhk8mONftEQ9q49Tr+B+5cUjBgwJCQvHrP4szT9dNEo+OBjwrH4v7L8L8K8eu+BDEzJk3I5kTm1nPqO9UnfKDv1B3+g+o0H1Ok+q1H1aB9WR9WZ9TsPqF7O+6s7xrWb9cZ1ps1sju+sZ3LVM+n3i7NsKNL3bmOHoWv1ItmeqItEX0J2xprTdl88kdS4z2c2y3L7uae2TlKrjJi49BPBWmL8bH7+KRgwYYkJGDBhmGbXx1HXTTNJ/GiUfHEwY/M/VfhfhXj1v8AGfDVUW95jHuOrPpuoZ9KtPpLPpCPpET6TUfSqT6Zpz6bpj6dpTuWnO6UHIqRyoG1ePBhnUyzqW+yZBlnXPBR29YMrTwSe66TS+3KE1G6uLxtSIboxJ47zRJei4SkeosSzxwyEMESKNptNqNqNqMIwjCMIwiQ/e+NS6GFxQvwWdaJGi/jop9rI+iFXvOQzkyOVI2SMP8AC/1+B/l1v8aZH2oa3aus5bOXI5bOWzls5bOWzls5bNjOWzls5bOWzlM5UjlM5LJVNRb4117lnknJOQcguWyZ5WWLqLrIcNxCvaRz0IRbdiVcxqcGKuU/M62ydiWq2T1W3cS1MYykubONc53zuem36XKk7Y3WfalGydsk6lK+xz3ylRKWm8stsPxs/u+Nft/Jk/5s0PwtVf3Ie1EXtHYc05hzDeZOh5TETYjYjYbCUfQ2mDBji+GDDNrNrNjFFkvFrP40yD+3E3bdXU+Yjmo5qOYjmI5iOYjejeb0b0b0c2OcSuhCO56/TI+o6YfaelPqmmJ9q6baz6jpz6lQfU6TTdp1SezvMTvKO8o7yOStlnZE2RMLwfFrOF7xCMvQts5cCmrZY5VpuKg63KvM1KcIl0ebGEa9Oq4zhKOK5RbzLNdC2sdb6FG2MokL4ivrHdAV8R6iJzkc5HORzTmnNJXM3vczmM3shN7TmM5jN7OYzmSObI5kjmSN8jex8K/jNF7bFX8lhV7VwwYfFGTJk3G4yZMk30MmTPiyZRuRvib4m+JbJSxwyZRFrPDVfxplXwwJv79JuRuibkb4m+JviU08uUp8605+oFfqMm83jmzKZZ2dKVkpLs2w+myPpsj6YfSkfSoi7KgUaCFdqlykcuJy4nLibVHx3Vq2vbTa5pxl5otcyyryRjKye7EUZMmRvhY+EPaNkCDMmeGfG/AvThnxZ4v14Ve00vyXJP71hVatiFbE5yHajmodpzR3HPZz2c5nOZzZHNkc2Q7JHMZvkb5G+RuZufjTwyy2dvj1H8eZR8EC7308cGOD8HeKhW1yOfWO+s50DnQO8V4y9RCKyvNCMvAvXwZF1b4Ss3dNzN84yzC2M+NtecS77GMlB8JMwY4YMFgvUj7TaLoR9DJkyZ4Z/Dn8WR8KfQp6au9f95Fft4ZeMcGNjkbhSFIT/wBJJvPju+CZp/ggX+tPBeBsyZ4aPVU1UOPfdN5i7WaeVVi1GqptplB6qnJ9Q08Wd/0+1mo19EqbVpZLu1Y5LwJmTJkyR/ZLM5yjK9xsw554T/8AeNuljLUc2GdptHWjabEYJ+U3vgsZ4LgmZMmTJkz+HJuNxuZuZuZnwvhR+xeXtC4fzlfp4WTY5G4UhSEzJkyZMm4yZMmTcbjcZMmeGSecLxW/DI0v8aBqP+RkXgl4IUzutlHud/QejvhiVej1ELVKemsttlLWdm29Jrs7UZLtPZRg0v8AGrFxyJmTJkyV+0XyTNXX/eq3b0bG+n47fQT6jIcES/XDJkyJ/wCtLhQ/Ul07SkT+aJU/CyfFETecw5hzDmHMRvNxkyZ/Dav8fxT+ORpP40DUfHDwJmUSfg09FtGolPmy6Flk5Rw75bhal70Trv3bHC/dt11Vl+FQnCmMcmTJkyZMm4yV+xEPdMkX1OEiHtR/ZcZ2RgiU5WCulWRnGcd3gt9BMbIcbP14l4MmTJkyZ/BnwPhV7mXeXtBFs/uRI2NdYtvD8xhmyQ65DqkcuQ63lj8pz0c9M5sTmo5yOaid8IsWoiVT5ktvLkbJGyRskbGbGbWbWbWbWYY3LbjDMMwza+EvYzR/x4mo+KJskbJDZzYG5HNie6Kkk5GGhdTD4NC9x36HOhKvWR1OpcLoOiLkrIktVTBisjKpW9+oO/0Fesqnk7xAepgietqgd/oKJqdMZJ7JyVlkYJyu17bFq5qWadVGycTKJ39dv7znPDDi91dyl0zwZqJqIm3I9EVTyREXTxI5hzkc9HPRC7c8Ova8Kpnd2d3Z3djowm67VOSXJeDlF8+RW5fUon1OJp9Ur2xHLOSck5A6mkxdSflg5T9OFb8xrHjWVu9vylNm1M73KDO+yHq5bkd7nuZ3tj1kiF12xv6jfFll07pZOh5TETYSpkzu8d25VVIg4wluhqJ7jUp37TkT247pM0tcqJSFaOZzDmHMOacw5hzDmHMM5P6s0XwF7xSn3iJ3iJPzNjoliI92wTu2o50sC3LI9ziQzA3rCN8SVilHHRE77t1ctC5afXq/X2R1NE4KtbEX6OyyzdCDjolT9Pszl9nSNJRCiOHVWyWnUmXaKU5I7hMojsohGbjsZqLt0sS4e0p1Eosi4uKlk3EX1MkvN0qzyo8JWS3NWYN63G7JCp7N1b9BF7jLbHBsOWcsitrzG2MYi1CO8ot1EpRxv1YrNSpIdu5Dy4Y5UxVZr2vQLayHZe2Sl3KeSGltg0K1HPOejnonbui05os88Wpe3hW/Oa756jUe0bcqyGZEV0J56GPOjlDRp5Nb4zskrpR0ThPKhpaeXt1uns0+SFtkilTtUirR6lyQ5SjJxnY0c2QrWc2Q9TdGZZbP0WtuNFdK+6UeXEcFlmxG2JrLVpqdy7TltkfUrcGj7QjdPl7EbEctD6H6NF8LNV/GkVa9WZNNrIaizlyrcR+VEPObGctmxljcMHRGM5Nhs64a9DUahafaaO6OqujDVVd2rlPmrBdrY1SxzE9MrqtbG2W3eQjvGsS2m03pNJdIo12p24go78ttekaZE9G2OqUGae1xzHmPBk6xOYN9Cr44jZ/aRa/USF7iEnt2w9yEWauiOolDvdGTvunR37THftMd/wBMLX6Y7/pjv+mHr9Od/pIaquaP+anYnXFOxqqKd32a9+/zRjPWVwm41Wxt6bWKEmcqRyZHKkcqR/fa4Mfpwh7kdof8nf8AGZRHrwm/Q3LdEyNor9xe4wvaosjuxHKiydnNjjMYTISjGwonuSNR8rPK8HQ8otpiInE5dTZXGMJZVkjmSycxnMkWqNuF3eg7tSxaWgVkjmSObITb4aT45Gp/jSFoayOijGSlC2W3G83Cngcm2ZIz2k0p5Oac3ph29R2ehqdNG5wNDT3W6MtXb3muUFWsF2iV0tyr/wAXkQ0XLlu5c8le+vJiW7d5jzoSnCTlOeyrc911rk5peXTURxu2IwOCNVU4LmJmTcZ6kvayHtiNkX6lvqyJF+YgQ9wmS0O/Uzn3Ck+m0n0ykXZlB9MpF2Zpz6XpD6ZpC3s2rCO4SNNpXVMmsR26eq6F0Xr1LURjFU6nchc3m7qaJQuc2pRlB82wqs8orYnNic2I7IYOnNTlNYH7eEPejtL4oO34WY2kOgn6FntNvWHDaiM5bXDWQ33RmobbnJ3b8DX71FblLdZXujGWnsnEvfMSNjwjYzZI2SHXKSYqLkcq40kLa793MYpo3xHOJbotbqLJWfSu0D6dr9m2HZ2sgV95hXGKdxPU8uW2NimtxpfbM1H8eR3i9M73cU623eiiyFtalhdTC6HLv3MSlGI5YwPlm+sTqZ9tl+YVt26mVXJOy7O9atR19UaISlveC/VSrnt5r7krvqUz6lMo1UrEcwzMs1koWbe/vdt1rfI2zsUI7aKnZJEY7I44MsW6uUcJLhFbkY6j9ONfoW/sXoIgQZDzFWohdbKG1mGYZtZgUJHJkciZb9nB3qo77SLVVSyR1NU2T1VUJYWspZ36g71SRvrkReRJmyRskbZD8puQ5I/rwj7kdpfxifWngmQfRE/Q/UTfI3SE+pa90U2KRlk+pD9qt4FapdF4EzJCeZ4z4dE/sH1WKjul2hzp71reZFqrtCMK1GHaNc5xjrfmK35RM03raX/xpiS2owjESOEJ8MyG2M2ROXA5cDZExEnCNuDTYosUr7JXZW1E9PXN55ceVyu40ncaCGlrgcmJtJ6Kucsrs6pTT1ib2ltElZt0dShDdKaih6qKFbGZkeOozqR9CDSecb+OxE+kjYiZWm8HtEzR6eVF857zejeyEkZiKyKFbA5sDUOM4Y1FMnBnd7iFNsVM7vcPT2nIuO72nKuFG+JC7Voof2oiaMrhqvYuEYeeMhi9Ua/+Mz/ifoTI+hnoZ8qMjYvcTP0JiZXfp4Vo7xozvGjO8aM71pDvekO+aQ73ozvejO+aM77pDvukO+6Q77ozvuiO+6Ih2lpYLH1TTH1TTH1PSn1PSlOohfJy1z+5EVu0VpQ/uWk3nTTK1uih9DImJifF+DdwRV7ifiXg/sjU+iEldHMVtji6W2I7rZWJVLzsvt2+WmUbZNRr8sjODrJkaxcGZJ9SOY5MIr9RsQvxsZnjnxZM+CLzBN8NZ10kiD+yhvymURksGegn5TcjcbvMTYyI15StboleihOuLhoo8mU1oozphN6GtWNPQx50VXo/u2p6NSvUbadlzhboYwhJ6jSVUxNPo421b6tDHMzuNf3BaGuWwehpUN8Ozd0a5V9nRlFEOzlKNbv0MW6i3ROiM5djv7E1rvdEl6iZp7aoWWOM9NrK5Rq1s9M8c+Or6T8smkxMT4MY2ZM8UVvzEmZM8ULwf2RqFugVZjlD6k6lIhDaW17rMwrUIsxuOX1ElHi5s3SR+hi4V/viuOfwvhnwLivFV8UR8NR10sit/aRL0EyJkT8rNxvNyyTkZPQ3sql5SdtM6Yi1FKioR1NcIYlqoRdsq9THZKS1Fask5aimMrJWzhLXbrb6fMa21TQtTydHCOn1UYwrIXx5MirUxhopDtitJGK1VUYSjJ0W6aEoaiqNlMFZVCdVevvhZp6jsZ+Sw139Sz1EUfLYbY7N2pav1O/l4lum90zDiIizJkYzZI5cjlyHFrhEz4ULhkyJ+ZDMYfFs9R+pP08Dljp1ZCcYxZgxgw8kfLIk9xF+vD9CZkyLw54sZnwrivFX7EPhPrp5FL+2S/YheHHhr9r4IqorddcY0RjplLR1q25i08YTrUKa1XEr08O7SlDT1OuEa9PVshDR1RsuklpaZ21PUwUbYxt09MK5Rs0dPJY9LXHQudumoVcVqNLSqbuDR2R/1O0JxhsLH6CKvnmS+CZoeuTbE5NZKmEjusDu0Tu8Tu6O7xO6wFRDByoHKgSohJHc4ndUd3O7IVETkxHpju46zZI2MdaEsWIvvjUjT6pamUhj4SivUsZlibMuQ220IwRqJV9CWYvPUx1MY4S6VifDJkyZ8TP34M8Fxz4qHuqRL98F1pKvayfrLgvxVmHw75GMET1Nc6Ywpu5UZnfFluGtSgjvy9r1sdp32PLRpdRGjeLXQ5hOcedus11cozJa6E+aT7QhJWReupjFGq1lc6pQ4aHVd2lM7Xe6qly9IiK/nkP4Zmgf3GtbZKvkDs2nOR1Op1Ms3M3M3M3M3M3M3G5m5jvjEVqkZZlm5m5m5m81djhGBfPY29TbKTOzfdJ7sjLKtw1Zkhuih8F6EPbwRBCZPBZjLG1gfmIo/ZettcUZ4ITMmfC/xrhkzw03wonwr+Mh0lJT9z4L8XZn8lmyDHXE2RNkTZE2xNkTlxOXE5cDlwOXA5UDlQOVWcqs5FZyKzkVHJrKYRi2dr/BAb8sRFfzyP8AlM0HzHaXspF5ZSN2IySlZGKU7bIyic2wUnI3xMo3IyjPge8lzn5X2Zfu3d01h3XXndtecjtApjr4WJqyUma321ms90i3OW9DKNVO+alkhYpcGkT9MCP/AEr9BEVnB6I3E59CTPQXqIaLpeWKyZ4oyZMmTPHPgXBcUPjk3GjeaSfCr2H/AGsJ+5n7FxyZM+HQPbq4ikZ4ze2LcedqrJD02phFy0N7trcfyV+p2r/Gif1RH9EPnYvjkaH54nafwQP1iOYo3s3syOzOTl1GyroOFXo41uTOXV6bIR6bYG2LFZHO2+iN+0eliS0sejdCZyTlWFdc4zjJyNZ7ay6HNvlGekshFytonNKDzOWinCU5XuMLrJWQKnK3q7Y/5BDbOUowsrs6WzVVLnzaoukhCPVVQY7ISr3yzuGxiIpkUNdC1+ZC4ZMmTcZMmTPiyLguOeGXwyzJofYyfCr2sn01FhZ7j98X+DSPGqr4J8bfjkdmvFk1K6uUJR7M+SZG+ucnHm3S2N6iShsV7qjKM+bGykqtk4xhKdsEk53RtjDrheCv3Han8Yj6IiQ+cj7ZGh+eJ2p/GQ9RVGW3vVJ3ipkJRlx1XXTTIwew1NNvWfNtFZcaedspRXNanEhY5auJ0M8HFSJxS6bUKqMo8dZ7azUahafUuSanFSsi6Z7VZIcpIU/QniFm9zrlGxQcIyYoRjy3KKnCKhpnF5tolO656hPnUKLnDQUFlkpayyq1qNcCE+bGwgkV+0a6jhkv8tnDJkyZMmeGfAvAvFnw6Enwq/Zf01UyyQ59TecxHMRvib0ZRlGTPCjpdA2GPBdorY3OVlF1T3aCrZU57YqWeVFRinVCWTlxxJciPlOTDbh1RlFpVpWKfgneqI79ZrI3U7IESGO8xVjoqpNDZ/kKPan8Nlq/y4zdkMbp7J1zjpbI6eDjHUVyEa1uOjta190SGv6YnPTyO6xemhZ3aVeBryxdSiroeCVaSbzGMjPUj52YcUJms9tZOEbbro6a7uWo5N8FOG1S4w3ajSSHL0Isr9GSW6LNOvViyiTZZiSHPfiKrW1kavIJdBRGar5348i8K9vgQvxaF+cnwq/Zqv5ZYl0JRWTYjYh1nLOWctnLZskYkeYhKSnF1y8q8XRnTxbkZRlGUZRlG5GqkuSWehAiRipalRjpowkaF41qO0v4Ux1SlGE0rfbONrk5Xqcq8U6SzpKC2o1v8O4zlJVUymydEoV7q7lGtHNsukoSWoo82js5soy4WPEDejJn9ZlEhKUpH7NZ7ay6MpzvS0croSjZ/wDLVTjBylKeyVyexcw0M45nVqdPy7+a9PKBWpLdwXSJkyzJMXuK+sScsEJxnHdBkl+9T/Jl40LhsZy5DhLBh4XFeBLxs0PzEhlfuZrP5MSz9EvUX46n9uPHHDoLBtQ4+GtbI4f7MoXlJ7ZRa7tad1tO6yj1vr2QyoYrjKJ/+Qijdk0jXf4rtBf4VpQ/LHhnwapbtLbFaa4pqnFmrdnI26fTrk7qaJQmpajULpVodPKhvjL2szIWdrPMNZwVx83DWelZ/wB7eGtctNdC51VXR3amqKUmo1uqyOmsj3iZfVKV1drpnVp9PXa+Xo1KWoly9ZOi6UrtkNU3dXBajdKS3/f5StrnLZtW4j5YmunKVnJrtnodREqcbIqUi2puyT5RsNhtMGDHCLwb16GWjeP14rimZ45MmTJpOl8RjIe813zQLP0S/Jpuunra/A1kcdvFM3I3xN6yjfA3xHg1n8aQ3lEJP2xP/wAiBWUR/wD5SEtd/DtKJvbUOw5orUcyJzI5OYiblFbk54HztqPuD5g9/ulZYsHPmO94Q9QQjCcU7IKI1uHVGXVVqPDW+lZ/0t4Zs75KhSsWmlRF2aWiRbsqk48mML3N2QjtWv08rac6fUc2lS1EFdCVe2MMiqqhsarSnKe1c+V0NHby6qrtLKdmqnbmNGlrhnu2oeqTTqOytbyrOTL2jZhDihxRsFWcs5Q4C45MJ4P34lwXi03yxH6DP7GuXWtz9CX4Ong0DzpIeLHHPCcdvBM3jmdeHU6mr/jS4V+4gf8Aesq9xX01yNV101qhrHGMI/USiyOoybGbGKDMItrjKJquXXGM75Kd9dMKoWuSlXGyUXyXyHXOqUIuUIWTrUrFbXmVFs53eJeprf8AmekpGepGuEJynrm6JK/yamqMrNOrbN9jjPUKL08r5zsu0znfEn1q0wpynq71p9R3lxHap2RrjHHCvOOGT/01lantHRCUTR6iUqXBXyyyOoZzCVyO8RI2JimhNMkT9DCMDXFM3LwZEzPi07xYj9DF7ka/2QJ+0kLx58HZz/xUOSiOxjkyeokmQ18kVamuxHMix44JnuRJbWLOUbpG+Q5SQpyFZKKOezWz30S4Q9xAfyQKvcemrL/gsNksZ2yNFRKVin4Ea2mV9cU9G46mqUqrIUXqtf5MjF0XGV292XEZyjTQqbZbr1XVKco2tm9GV4Nb/wAzUX8ncVX94rZXrI2SiXwUoMrsftypRUtbRvSt7Nu3wnFlu6rXxmumWtsci09cOWf2FARjjr6bJ1qVFnXE8xju4ZYkYIvabyqxrJzTOcGP3g2+pjbF+PPBWefG+JuRlGVwh6oXt4ftGv8AgQ/aSF+Psx/YkOeMyc1DzW6hyyZGRk4kds61Ky+CHqJC1s4lGvhLpat0cr1FnqPdglu6EpSgOxyXDU/x58Ie4gf3gVe5E/5TLVmmZov4dZV+4T8sJS73LoLW+eMVw/TK7N0cqcRxUjYq/N1wdSy6NctsdsqzG2OH6HJ6pzulTLbC2E8nUTTNb/zL6VcnGimNKa0yupjGnbZ3krstjdEovk7Zwr1EbeUq7o0Q7y5x6E1lj/8AGJOQoKPgfC1+UVUYycrH5WLBhGDqJMm5RxJ35UiNkhWSNN92LFU0iVb6DhJSHGW1mBLI1g50DmwOYjI30KzJnhk3MRX8a461ZoZ/UYvx9lP7dilZ0LLHLi2ZITfdEN8G+GjUu7Je2RmBurN0MmauOo+CfCHuID9YFXvRd/JkPrUzQ5eigPdC+BLdtOXWcqO5CsZCzdgQ35mQ6IsakzU6l1RUKdTK3bFTfpfXGUk7lbKSWnU1TiSZvlA5kco5VXU5Tq82mblmWt/oMk9sXLT2znJS9cpqXQhTCL3VaOFU4yno5dzVWpplK5WOqxR0lfM/yLyu2U7ownYtNTvVkZTlHw6lyjgqsU9xqZ/bZzJEdQO6PQ5tQ7VGRzcmURhE5cTTz5TO8s7wx2xkalqdLN+oN1hzJE6oWkdJVE02mjfdnWuULollu+MSqb2YjqIx8rnJyZZZKKIWSkOxxiIq+OPBmp/jSF7B/k7N9bFN/anxyNmSt/4b4ZIpzltq0casSgW45h9s+2eTJiseN3C74ZiI+4gf/AqfnRqP5EiHwo0NqjpkrpxltlG6Mq0ch4w6ZdDcjImRkrGxWJDxMdCk92Iyqi4LoWKUpFflmKCju4zqjI2WQLJuVbhVHbFLW/0NVq7q9TOP1GzG2jVqnZGjc9TXPSXS5tZRqpTvUdPfK3a3rY16ZW8yHQuymjrIhTXCSlqPNROOmqdNCj4tSpUanda90XwXgQiv28MEVjgxbjaYMeB9RRTkKCHXFjpid2gQrUCde5CNP8MeDL/gkR9pL8SXDs75mRwtTKu6uVMtuTI2ZN23TRTZXXO2WKNL3eJL2RIF3yRPMsi3bcPdnPPOdEnPcWfFLgvcQH/Uq96L199yq+KJCmEFtdUZRwqIxHTA7vE7vE7shacUIwGo8JK7dI8y6eYgyenlz9/68LP2a3+hrP5dnGMnCSlPUTlgjrJx66HUV8xRnoZdyVWrpuskiW+FGkVk/sUFuqlCdpZqoVzjHmwlVG2LUsS8Osh5d7YkbCSEbRQMFfoQH79vXBkz5kL1HxfD+yU4bSCEYMGOMTTfEuMutMiPoMXjwY46F/5KNcts1KGzXVFlUq5NYZtbIaWyRDTqVWxaGtFMFBE31J/pVl+d55zZYcuZ3dndpkoSiT+OXBe4gP2xKn9xGoltvZXrLFFH1GUELthH1Wpi7RpkLW0i1VAtRp2b62NoyuGTbk5ZyzYbTabTYbDYbWamDswW9mRuk5y7ItJ9naiBOuUOKe1p6OzfSicto25GE8Fmnrtk5uqPOVtmn26amEYRVF6r3uuyGlulZujxthzKpQspsokKZvROW4Rnh+yuDZCDJ/NIT8pu8o/WJBOQy19BNnmN7N79XPcOe0q/9eMEWpoaGhiNK81H74f0Z/6TydTLN7N5vE9xgx4NL/Iia5fZIWSrkpVWx1UMT0XXMNHGHX0Nst0h+TArdxhmyUjZI5Zy0bYmEXwskh2amM9i38wl7ZcF7iB/WJV70ar52J7WSlu8CF4N7ObIWokd8uQu0b0LtKw+oyO/o75A71A73ShanTs5lLG4DayR9q4tKRPQ6eZZ2PUx9jWqZp6+VXttXTO5IVkZcJs1N8fYq47VK2dvpod6nLw9qvyw8aNLH7aNpd0tfDJuW5FPtZNlnVmHxUDZ1OXIhmPTEivyxw5DY2RNG/dxXtP7SJer49DCOWhJIWEbkdDodCmUY3wLa1ZBxh2fGMiFMIG83mTLNVunXt07lCcEn0Nw2XauNL2wtjZBT5iRzom8sjG2O3lypv2v0fD+xAftRV70ar5n4kL8rGPimQ9kfFru0lT5IdqamNm6vtiE5JaipfcnUv8AHlLPRDZfTOU90c8uJpc86ZavKJyFYb0ZO1H54CFA2m1mOCZo5rlLhd8kjqZZGXnxpkuWXx2swnJnLQ60OsztibmKWYk5YISJywbxyNwjS/JwYifyzJ+7ikLxZHMreLYtdeOGYZiSMzNS5cs09nuSl5UbjeXXcnUOdO7kRWz1PKjnHMLWpJDP3wif1K/ejVfNwwYMGOC/Kxj4r1I+1eHXX8ihmJWzLNNKHDRW8/SyoUHVp5QwzaOJgjBZMGDBsRsO0c86JA/rxy+NdsoFfaEoxxO/dNvmnNYrPMafVwgjU6mM4kJ5MmRjk0bhSNyOg+pgwYEaX5OKLPnkT9eCXjbM8EVWeVHqNHUyzfI3yNVJ8hlUsSZGzynMLL9iHqY4QmpYPIh2VxJXw6nNFZufDf5jPmSif0K/cjU/MYMcMGPzsY+MX5kL0Xh7R1PNt2wjHTUxldJT62RSNBPbqYlsN+DMVHPPjIbE0/Bnj2j/ACUVkvb+NMybiFqic9HOQ7kbjcb2jeb0b+pvN5v4af5F4L/5DJ+vjyLqTWPBX8cSM3EVqZ0Y4HLOWauH+JYQa2pqzocwsn5j/wCJCzzG6TL5NTHMSZFbZLg61uHDrmI/jK/ci9ZuZhmDBg2mw2sx+RjHxgvPHw2vbAVLs1ONd1W2Plo3TluKnttiyXleYWKBbutIaWPur3RN+DcmdDmHMyzWvdqWVk/Z+Nf6NXSyPDPDUfOiz9eHJnhX6lvr4NO/sx45aObI7xI58jUWSlTIg/IZZuFByHGKK2t5vj0Jw3HIkcpigl1GupjoRH8ZD3It+bhj8PQ2o2I2HKNjNkhwkS6DYxmOFa+5Hw2e00Ut2tktQuZqDX42xjtI+5H6Q1uWLVKuzbzHHzV35ycw5vtFYOwdpzvQue65uos9n+5D3ozx1PzRLEY4ZM+Cv3Fvg0r+xH8FmmUhUWLp3aR3U7tBC01OEKmHUdKO7ndh6Z7XwZ+mIfsIeqLPn/Llm4/tneb0b0XYlHb3WJ3Y5JyjlIrq+5Hw2/HI0fk15ZVsslbbPzEvYIre+uLL6OfVj76Trgp1nMFanhc3qx2ZHM0tSnFyu+eRWWPy/wCzng2L1Rk3dDJqvdF4ViO7yY9PYOuRgwYMEPcW+DR/COSgbkb0ZRzIm5G5GRWJHMRzF0N8TfHoOcDfDcOVZur6D5XBofoxH/NkP0WfOv8AW6nmPuFXN5sfBk1E/tyKGlCUufzKNs/LknPdw03wx4RLK17tiOVEengPSwHo0dwiQjGqG235pCZJ/wC3P9Ck4julkWoeBXxZqPNtIqRAUzezehqqRyKWd1R3WZPT2DrkjBg0fxk0pNPlROShVqLOWbPKlyRQlGS/JhbUOPlYh/GyH6LPmX+ngwYMGDBUvuR4zsLb9s8OzdHEo7dNCan0LHwRp/hhwQiUcMwY45H6D97/AN3Bg5aOUOtohiJCcRWxPJI5cDlROUOuSNsjqjmSObI3xZtpZWowLFvwclnKkcuRKLZy5ZZDdu/LvOYJD+NkP0T+Zf7NXyx4TfQ1EvtFk9+JKzylG2ymVUk4ScX68EVfHHhEQ1uPRmeOCz45Cm8ikjfg3o3o3Lxv/VwYMcdzObIVxG9Ctibos2RZy4nLRymQTiWeaKMWGLBb8le5Z8UYSnLbDs9YHoqjuNR3Gs+nQkPsxH0w+lmop5V0oYME/jZD0RZ80f8AZp+WPCf7LJt1n6lw0/TJqquYt+PMi+pp8NHZvqXCAuF8Mx3ZP1xu+ORhGxGw2Gxm1mGdTczezmM5hzMnMRuRlfnwY4Y/FkU2jmyOaznPccxSLH5DNgnPqZmjfLp4dP2dXZXmvTR07fB2OO4Vr6nN88SublKRnjq4R58h1+pkl8bIe1C0qvxLuMzudqHp7EbJIx/ovjR8qJPCHLoxvqR9ZE57YlE/M0s7SyrF0J6qe3hoH6oiIXC+vY924yRW41C2aaYvCiKOWjkxHREdCHUOtodcjbIwzLN8jmSOZI5pzUcyJzIm5GUZ/wBavx54UQdl0Y8yOlrx68cDqbRy2pM2SGpYImsuhHUyi50vg/jZD2IWRTkhai1EdbbEWvZ3ypnN0sjZpJHc6pHcDuNo9NbEdco/lo+VEx2bXKIl52XfKoyWK8wY10cdTB+p2cvdwQhcJRUo7Xp5RKqpbhJRNb/Fn44MyZGx8GvBg2ROVE5KOScpnKkbJG18Ms3s5kjr+HHDHDHDHg00K3Wcmk7tUd0gdyR3Bn0+Z9PsPptxmrQV4jZK23fGDwbGbGbWYZjwa2qt+Z6eZy5I9a2VvyqK/CrJIWpuiLXXIXaMjv1UjnaSRy9JI7nWzuUh6W1DqsiPKMozxrf3Dm85EoOSEm+lkNki2rM4zsj9uUYfGheaJOJfVsOzp4scUIQvFrv4sjK8SZkyZ4t5x4Y/hwjYjlx448ODHDq/DgwYMCsUTvFZz4HNiK1FVe6KlY9stqWzzW61vyTzggtuDn2R6d6tO92ENTZI32pEtVKJ35nfjvxferJuStTkRcWbUbImyJyUzu6HQxwkh7zdg5kTcvwZYrZxFq7kLX2i7QO9UyM6WZyNPIejR3eVbzRXKry146xr9jnOULaN9lcoomxFYzVRzSzSPF8RC/B2k/8AG/L+x/7GDHhx4XUpndYndYHdImn7MVksvR01xzzoUjlKb3IxmXDUK7nSP8gUtSaPvXu1eq1FcVF6nUHebjvNp3qZzJWiRgXQU5HNkhXM56FbEc0YMI5aO7wY9LE7ux1Wn3UOconPhkU4vxKJjhllU5bsFb+/OLojOG10SxKEd27ds37B1rG6CfDUP7LIPZNSg9yUlwXi7Uf2F+X9j4Y6fnwY/BgwYMcOvgXCFM7BaaurzT1yitspSsefDNdTBXXvko5jXAse+W7GTYbTYjaYMeDK8O+QrZHOOcjfEzx2RHp6pHc6zuskOq6J99HPcBayo7xWzepDK/cTnt2mFzYzwSnGJ32OWQUPLN5yyGY1qL81qL6ObXEr0klujoZ7tOhcF4u1fjj+dGfDj/a2SZHSWzO5KBzdNSWa22fTqxLwJcZ/rg+phGPxevhyzJk6cGjB1N8hWs5qObE3J8JQZJWoyyUaJEKK2PTziabmq1k1ui4xsfmJWt7Rz5sVGVMlgc/Qj1L7XDaldXzISqyrYik40MgnRO6ULItMTUoiF4e1f6f72RMz+HPgqjvsRLVUUeR9o2E9VdM8zNpjHiiunGf64rwv8uOODr4sHUzI5szmsc4tHKgciJTDEmYJe1qvUTprcK7oTkiSktovNGEfamahdRrqVeZOMMWQUnlxY4yhTcUrFe6jUy8hXdGUXLKl4O0us4GDBj8mTJnivx468OpkXgz4tP6k4ZsZsRhcH4kf14z9seOTP4F+Ji8eOHXwYHw098Yratk4lunm/M6dsW7dGpTRVqp0T5cFCeHbRLMpbIy5pytyiV6b0kt2niyFu7EoTUok1VHMuRtdUpxlzpQ9mrK7L5QVqtjKycE0zWUO2SfdbB0WGyRhG02M2G0Zgx4MeBHr4X4GdPDgwuOTPho9rH72dDP4EP04v2rx9TLMmUL8ePBjxMXoPixjs2EbP3XrJRIaiuZLTRl5rtNOKkJOuwTUlw5cIbCCxFK1uCiK117lKCd03dHyZeptrhsWplKuM6NRGac88lqLUs3zW2EabNU/vHMkc2QrjfCRsokd3rZ3UemsQ6rEOLOjMIUTabTBgwY44/I2Z/FV8ZL3Mz4fTikRJDGf18GPFjj18OOH/wDXHPjeEJeB8ba1PA6ZQYrpQK7oyNOpyjnmOJiq0s0fmjL7tODmxsjE22wHqpxkhuM8rrzJNTkoxUq427o8mW0eIV7e8QkomjmnXIVNTluvhusb5Ry5G2R1MmRNm+RzZHNN0DZTI7tWx6Q7rYjkWI2SXDoYMcMGDHjwZ8PZ1UZZfaShCvbxr0dthHspjr5eYOEpyfi9eGBESXBi9r/Dj8GDBgSx+LIuvXxYMGEd3cz6Tv60wu0ccantCPSKufrXrJRHbTqVh6aUUYdW45z3Ri9PTad3shgst2SwrIuSIrmRgbOZuGlOkTsoocdD7WWWxVkjmRZlcMDSNkTlxOWbJZNkjD45E5G+QrDfFjhVI7vVI7nE7pMentHXZEZ0Ohg2GOGfDCtzkow2aDTE7Xe5ywU6Gy0q0VdR7MDW7z2PMmUYjzJwgpV2Sdb2KZjxIfBi/fi9P9HBjj04+78UJxhPMNVTglrUTvnMnUpnIlA58oELYyIXygLVRmtvd6p9baboKSjbJF1XP83IlAqvsq8r1O2xELFKGL3GM8ysjXKLnLdJ8MmZHNkc5ivObEU0JrcvA0bEbDYzEuGTpwyzfI5jN8R8qQ6KpHc4D0b4ZOguNNE7pbUqtBWX3y1Fm6mO6W2nR11CNyl5fPAnslFzZv20SMpaZRa80IdMOTh6jWHwXFD4r9+Fv8q8WOGOLRhoyzJnxsfHHBwUiemRm2ohqIimV6ucBWUWvM9JPBh1SiSUZRRqNLiG7E6pInZKUSE3GO7q/D0F4Ms5khWyOcc2IpxYsGDDP0bUyUEbGbZHmNxmJ04dTqPguGm0MrfNZqq9NHl2Tc5N4KnixDco4klGfmz02pSiXzi65DLIxW0a3XRh+pS/Yl7VjMWTgnvNmDHhYuDXDP4X04sS4fvw58D6CRgwYMG0wzrwzx9evh9TBKlSHTOBz5RK7VI08JS65ljEtLRMenvqyb4tONlUGkp6ayro65R8LF+vx7mRtmc+Rzx3JkLIuKMrhgwjCHBDiY4YiV0Ttltr01Wljvv1k7vLwZD3FW5VRfksZmcRJS82ps+1tJ4tvFJx3NRWYmejNizIUWth02yM5kx42rhtyNOPBi9eH644MdeGTPHr4MY/Dnhk9X4cGDHQx0MGDA0Yxx6eLBKtSF2c7ChX6OOLe0a9uHduK9TOI7qb+kdNXgsrcYI1V++e2Pp4V6ccGDHDHh/t4cmWK2Rzmc45yOZERhsp0La3T1ldEdk5ym9yGlEXBGmUnTGW6MvL54HksNVu2qLOmJij7It5lN9Vyxy3bhLEkZe3Ao5FUalTjLdTmUR1pk62jHVDZjgkYMGDHDBg68MiXh/ZnxN56cMmTJlGfF/bwYRg6nXwVaWK69Iou1S9Laub15E6xaiUSFsZCnKLFrJxizKlkj7fA/QS8qMeJ+DA16cMeDp4qdFOzrPUafR9LtVbqGR8ostnTI34NEt1Rua6KLXmzGfTU5UkiXStL/shPySPdKIl5WP14Rg2KOOGwxgwbS/ZEx+R8OnHJnxv0MY8WeGTPGTP1waz+DBCy2tYsusnEXodDCHUpE9MjNtQtRGSwlkXDAkfoXix4mvKfr8GONuqtuMCRGuTs27sz3evD+vHRYlFrM4m2MvM5f1uxzODztgN7bGL2npJC4QrPTw9C/V7fJGLzu8GeHp4MGfG+GDqZMnQS/Kur8P7/A/1xxwwxxHTGQoRibRxMGDHRiXDHhx4oehgx+KuvfkrS9V7ZS9IJcP1x0jjlrMojnCRvnEtxlkh/wBSK84n5eCjkUMGfC5qKLtTK17YwUfyNiMLq/AvHjLOpk3GR/gbeD9DPTg/EuK93HPQ/f4X6C9PDjw+h04f24Y/Azyqs9tST8kIxcY7lHpubXpg/XBGlf3DobpCwWfskN5UT95IVmF4rbo1RHZK9iQuC8K8DZ0Fwf4m8iRnjgwdUZNyOh6cfWXD/wB4RqlIWnyKqDi5cuHL3OqEY7pUJYHRJDTXDJHqdToL8HTg/az9GEY4+viwYH6r8L4f/8QAKxEAAgIBAwIGAwACAwAAAAAAAAECERADICESMAQTIjFAURRBUDIzQmFw/9oACAECAQE/AP8A2+h/0qKKKKEilmx/xqKKKKKKxwJotFnUN7r/AIFFFFZssRZf8mtl7b7CfyK2V30Viiiiu2vkv4S+CuxRX8O++osUBxKOkrc/6EVbKEhovkWoOXOVGzoGq+A/4MPcbLGyPKsSHFy4R5UhRuXSeWPSNSHT8B/CW6s8FbY7E6dFkJuPJ5shOn1Dm2ObG2/5NFFDW1EY2JDVDSY1FVW5/DsTEKLZ0McRrc3XZRZZY3tRF0OmTKOnc/gTuvSJ6heoXMqZpx00vUxeV+mN6S/ZqasP+I5F9uHN9RHlc9l4Q50dbOuxIoaGhIoaIpezyllVRRBwS9SJPTfsh5W6sPghOxvKexbnuvehssTNF2hoaGsvHGOM0tjWELeicLIKnhlFCeULTbHpNDi1vooS3t8Zs8P7DG8NljGsPY0UUVluiM8XuY+C2Wy2NlsTbLLZbLZd7kJFDHufsIQkaPCLGVmifeXYmqQplsi2xpjsVieeoXKw9qdHUXis1hUhiEacaiUUN0XYhE/furszfpPNofi6Py/pH5r+j81/QvGC8ZX6PzT8w/KX0aU1OFrDP0I6RqtqVnQvs6P+xwf2exJjxpxtl1huhtzEqwiXv8aa9LHIkzR4i5DfXBuSFBs8tnQKOfC/68Ni5QpCeG6E7HOha1uhOhyZ5kkeYxOzoscnHho64sjD9o5G6G7EqGN0Jknb+NJWiT5GQm4E9dyjRZ1MuTF1FMpnheIYYhIZFjSYkSg/shpNSvDGMgKTTpDScaZ0NEJVwxtGpKlhOhzG7Ex7L+EyS9TKSLLFzjSm4s8x/YtR/ZLUaNBuS2WJieFEcLFGsMYyAsSv9F8Yk0XESTOlDVF7Lxe5ZfZ1V62kLw0mrYvDn45LTcREPfHQjoivdnhuE9sRYaExsWGhkCMl7CKOldN4ckSp+wsMU3F09jxZe1dxRrVk8JYaTJaMGhUpUJobsZ4b/F5WUxYboTsSHwJjiRQksMTGhwEqHid0U7LGyxjKFisIYmN12Wxf7WihIaEjVb5SIf5FFJEor3R4b2eUOB0CiJCGisSLOpkCMIuKHoIeixqnTGrEhjWWudrwhljZeKGh7m6LxqOtZPE5dJHVbdM0otu2yWhKV2yPhUuWxacF7yG9L9slpxa6onh8MRZZZZZZZYykxxQlQteaF4p/tC8RFmrNSdoRY50dVrehliGJjQkXh7rGhoo8WnFpolqykaetJC1hSdWh6syDlJ0xwd1Y9M0nKPBoYfbW5uixsZYxMWxDKEh5TLE83ixvCQljxatIaEqLNBXA8oWkkR0kdA9OjR7q2tjREk6FNMooortUNFFFbaEtnil6SiijRko8MbQ5ITG5MabNIXZebOovMhCw4UJpCYkN99vN4vZ4hXASRSKRSOpiZYmWaQu8lhKycbQkVQhqxwFBkXXwbxRWLLLNV3EiUXWEiMHI8lnlSPKZGDQh9yhCFhqmMQhoZYuzfeo1F6RCeEjUZFUljgaH30JCw1ZIQsNCjY1W6y/g+/DPLh9HlRPKgibiuI4i7iiyyxsssvN4ssssvYpNCmKnhrCwsP46w5JD10vYlNy9xsbNN3FCGyy9r2WWXsRQ4i4FOhzWFhYeL7C7NZbpWx6/0h6s3hDJMRpf4LvUUUJlkWWUPTvlDjJCKExMWGX8XWdRE7EhYZJiNF+gv4S4OoUrzSGhoYkdQ2X2rL23h63q6cOaXuaurGSqJHF0WNjEaD9PxExIsUhRKaLKTGsMsssssvuamool07ZPxLfETmXMhqhCkXZY3hGg+PiJlllibQtT7LTHD6LaG8Jb7LLEyyyyxuiet+oljZQttjYkI0Hx8CuwixCk0ddjSZLT6VfbeGsS1UuEScpe48rNljY2WPUuPSWeHut77r2obLLEzWlxS76pDYx4sby2N4WNLQvmQlSpfyHubw8PCHh58NBPl7FvYtqy8pDRQ1hC2LLwti2M/8QAKREAAgIBBAICAgICAwAAAAAAAAECERADEiAwITETQARQQVEUIgUycP/aAAgBAwEBPwD/ANvsX7Cyyyyyyyy3wX6Syyyyyyy+VFdS+xZZZZZfdXc8rssvFll/Uf1HlMssssssvtfK/wBLX0X9q/0dYorFFFFFcnJIeohTss3F/tpOotilZudm4hpNx3D/ABpe36Hopx3ReZTp0hagnf7HUX+rIxpGwjE1m1OiTqPu0aU9rbZ8kSns3jYpEJfQX3Xwl6EszXyRUl7RFKcaNRRpRRsQ5Nx2m1G1C7lm/wBAzU1No5EJ7iE3F2htt3hMb7b6qw2WJl8q61zZqR3oi3FuLNAbSPkQmnxXcsRo/wBSolRG4km36HZ5FpyFBjhRtX9jVdMvHofJ5WGLTsejD+j4tluJKTvyKYp7RO1Y52WKRNySuOLG8u28NS/gSlwfBYs9HsnClbPRGSkk6E4/0ari/SLS9ok1l9dcFwjGhQHBM/NhskJ0RdifgQvYsrLLlfRfPTkTe5DNDVa8Hyseqx6rJO82KZd87LGxYfCKtiQsf8i/KERjiKKoiJ32JWOOXwYmRe7wbIlRRS/sUE/5NkWOMUbUNI2o2oarisNlli5aTSmrJeyhn5nmdM2i8DYsWQfc+jS9myykSUUJpCaRKhpI8Do2EvDwiiiihqzaUViiisU36IN15EUfl6m7UdCY3Yk5+EKDiMbNL13Pog6YplotM8FIaTGkzahJYn7wsUsX0o04Nq0ITPytfbpjtuxEYWJLSQ5WMkiHroQs2WPoXXqLzw2S90OLXliIxUhpIjpbh6HgYhQQ0kIhry000iKU/TNkkautBtxmNaLTo0oacoeSGklTRqQ3sWnSIxslAiqX1kLlRWKNRecIRGcZRRUZLa2a2nCH/VibXod+2Q1mlQ9XxxRDSjKDk2RuMtyFqJn5Gipu0OMl4aPxdLdMaJK1RGDSqQlQ1YlwSy/oLgnhiwmTaQ8Io2so9D1t0aFMcvHFDxptepEvEsQRUhpobsaGs0Vhi5vjRWGIQkbWN0e+Fls1Mx9qz4dJmtUZVEtj8kIaTj5P8eDtpn+Or9kvx0iUVH1lD0pbd/8AAy2b3uLsUWJtexu8R9koKStZWHm+DwiumCtCiUTVijQ0IrCRq+8rGlt87jVUfG3MVKTpEouPsbfBD1JVs/gbEykRFMlJyzBKyTSi6wssvhRQiir5PKRpiY2J2xui7P5LwmavGGo4E9RzzFc5Sdi1WfKhU1aE6G74t1HoRWGLC50VjSLaLQyUxTSN5vYpNkbZq8LLL6npRY9Eek0QVLKQke8PmxYsbsRZeFwReLIMscTaNCibSihGr0rgy+KTwkUUIokq7KxWFlZvGkUWWhsWGyyzV5V0VwirF4J+zT8+GOMkXQmWN32WWXyvhpYpFIkisUeBNGr3VwiNkkehatkrbvFvrXFZooorOk/PGiiiijU9fRbISpknSLsYnQp2OSJK2PsrNYrF4ooogqfJySPkRvRvROSf07tCHhMSKHxrprN8bEyL88dWdeEN2UKxMRXGiulvKYh5THIu+N5v6O9m9m9j1WSdsXGiiiiudFYQ9OLtxJaTQ00ULg+ddt9DkixvCXjFFdNFFFcGKVEdWSPkjP2h6ScqibGPL6643i+TdG9DmW3lvEfQ13WXihrCZGYpG6vI5xkyWjH2ielKI+q+L6ZvwJCXBvEPK666GUUUWOTEKTQtdr2KcZIelFq0UUV2rhuw3ROViFhvDxD1012PDLzRQm0LNFFFFFCRWbELLdF2xzw8Xljxp+utdVFDQ0UMTw1wssssooooooaKy2NiyxLFYbzp/YrNFDFK3XQsWJlrLdDd4YhYayy81ZBV9llZas01ReU+is2PDEhcaKKxGJVfYvlRQ+K53xXQyPJD7Vliwub4LCwsseP/xABAEAABAwEFBQYFAgQFAwUAAAAAAQIREgMQICFhEyIxQVEwMkBQYpFCUnGBoZKiBCNgwRQzgrHRcuHwQ2OQssL/2gAIAQEACD8B/wDm+lBbRvv/AFVUnubRvubVpWSvsUuEs1Nl+ShpKIbQ2yi2q+5WT/Ttbfc2rTaFS+xDhLNTZ/kRjTcK0FtVFtV9ysm6lShSgoIJQrFtTaOMykRiFP8ASEoLaN9zatK/wb4jHGy/cUMJahtPwbZRbVfcqUzEaolmolmo2zEbkchbRB1unuLbyNVXFClBs0KEITDBH9Fq9qfc2zPc2v4Jd7FDhLL8iMYSxPsbYW3d7m1X3M1Es3+wlk42ZDSpBbUdam0UlSg2Zs0KUIS5F4iOUlf6PVUQW1Z+o2rStV+xD1+wlm73Es09zcQ2jU+xtza2n5Ieolk4SyUoMkNogtscbnNk2SCWTRGp/Skm0b7i2rDaoS5fsUuEsnGzan+o/lm0b9kNq77NKrZTZ2rjYL7myT3NwW1agv8AEG1epL3CscJZGySShpGFTS7TxSIRhknyupPcW1Z7m1QrX9JD1Es3Gy/cI1hl7G0/aNfaOKbT7uKPdxuFbPYW2/abZwto/wBxZX/UUIIxpso/0iMIwSWiRqK1BOA3dUcI4d3hewkk17KCCOznyeRbRvubVpX+DeKHCWX7hLNChPYn8G0cK9f1FX5JKipSVIKShClCOd3q7RMbF+xP2KkK0KyVIURCkpQyJKiTU18zkW0b7m1Qr/BvFC+42yEshG/tJUV6+4tp+SsrKlMyCCO31IPXhVcE3oKoikkkkk9tqa+XWcL9TdT7Fa+xU/8AUbT8ivFepKkFCFKeHhSCCCBTU9ZJPhHLBWIvY6mpp5QuLkp6vIYIv1PV5F6u0pUoMipBXmZSM8Zqap5DIrsGvkEXeo0vi6UKjMVD+WhtGfYqVfsNY9Rtj+Rtk1CpE+w62UdaO9z4vGertEVfK4IIvkkkkzIKSkpQRvEhEFcgr1HytIrmJ9VNqz/cRXL9GjbF6jbD3UaxjSuPog62fwLS0ev3wQI1PIdT0+SoLGfbSVJ7m0Z+o2zPcS2QV5Lv0lNp+k2Vof4a0E/hv3Gwb+o2bDc9jaN/Sbf9oqrbLyRchLNjRLRqfRB38S/7ZD7V7vucSkRL0iYmnmQc+3jxGp6TTw+Yk9qrVXOD/DWh/h1NgbA2SFCFN0lalbv1Fa/qJ/cf3MjIhpukoShUVFRUVFRWbQ2qe4x8uRBVwRf0I3uFX/BlXycnFCnJUk18n0NMceP9SYZQqQrQ2iG0Q2iFZUZkKUqUfkoT3KEKE9ij9pQv6Sl/6TfIf+ohf1H/AOiW/qK2C2qfpFdVu9L5I53u+ydRaGt+XmfxDdm7qMXZ2Se7hH2jXfNyLb/Mbz6p2S+N0u18l1usHLD0nNeBtG/qUW2T8m3T2Nv+026/pNs8reVWn6iH+5Qv6jZGxabFnsbJn6ShvsUp2npx/JuN/uo3mhRKLmnKCM1/+vQcN1T7YWqjqeMYF8d6TU1W+boII8g9K+Ikkkk0IJHe9yNIObbRZubEOd3XdRV/7lQ1qvob8PUSyVWs4rJGSInuvItGMhOEO5lm9iQvwkIyz5tbzU2tU5uZ0aNtXo6ZVvJGlpVQ5ZqrhCr+a58ceLRvdnLxuhqersowSSa9pBBBGPQ0XtnLCG1Q2qG0KyoqJUz9hEdmpBBBAqciCEIwfDbJ+675XIq3J3l7qalojHOmZrLRWxMupzkR8PrrqjL6Cq/JZ7paV7q8PmGraUv5FKQ74W5Gz+GjvcjZs91UlOETGZyQkm+FugggggjspJJJJweo18XJJJIi4Ju0NLpJJJJJFXfleZR+TZp+o2bf1E3SOGvREVTaNNqnsbX8G1/BtfwbVTaOEc7CmP8APRR/+Y3vf8kG46OCuWF+45f9X9kITyj1YYIIIII7GSSSScaD1nHoaGvZVoVtK0KiSfwT+B0x/wBKicHdpZ/qJEWdBOPS9q0ubwd/5yLRsO5+V6mnkuhoersrR0OrNokDbSVcnAZabyoV9ORtOZXy6DXLU5I4EcuzndQjdQS7pghRePYx5F6fHxi0ND1dlZpKlHEdZ84KO6o5ne4Fm3KMygtEg07RPuLw8x6oenyXS71dkrKmunmbFd2Pi6DbP4kXj0NmvHLeKchtklVKr3jYp17xs6XNX5sheKJ2etzeC3a3qd1o7eZ15oNWU8p0ujLFBCkKLikVxI1c4ntJyxaXepCCLq0JJE4CYuhW3uqMiYVC0yahI54i7nUrK/wNcSSOUlfYTgqDviXIcoxLnQ3Mks89Ryy6+zWlf9xyUuwrjhSCFKVJJJJJJM2kkilClCkU3SSSVXzwwaGoqk3SpUVEiWnBSpPYet0lRUSVUikKNTMdEDXqyDaqbdw60V8kEXxdF8EX6nqQhb0jJZUbCOFiZKLlcpKioUFIiDUZU1FTgWkc5GcVQ5wNVOB8RKFRaJUQSNcnAqQ6IP7pnTyS93sKu5zaN7uFRelyXJhjebzxRnJBSWa0O6m3T9I62RydKRzUK3z9TbPktXOcvUrzFtBtt9MjbqQQQQINQ0w6icSb9CFudwch0LTgScuVyORKREHccKxTJZpmpkP6Thb3uQqJVyIQtt1y8FxepbqYpSRd13K5RLpupVRV5XSSTzFSahMqiZhJIFapyjgUrcik42oQcxUujDpdrgm97qRLT8G0NqbU2htTbfg2v4Gvkkap1F5rAq84HHUz3Rrs8fPDri0wLxEUXKCb2OUXjdkZXKiEkIWaQuG0SqChDZobNCSSb/VdUoj3Sg5asfVIUpKSCOYs0oItUEUykXVE8uI15tPwVE5kjXJ7DXJK6C9BRpGeBv3xaXa47R265eRLiXEuJeS4l5NofzPcsXOn1FRaLu6DZjkWz6mNXqWfWVHOqbPCoVJygciZlm1MilPcdxJJJJxa4pvqyuRbm3N7ycT2Fxwo9N2CRVJJQs7NaVXqbF/ubN5s3qf4R2Wov8K4dYvESLvUaFalY9d0S9OA5qybJeOYiKbJ5Q8n8jVSR3x8R3dhRnJJuRE4HxQUIUIOS6ClChDqNxadu2ZTsXklQjhHoOehWbRDaINel0EEECkk4NTTFBHYc07COWLU2NoN2zITudRFtm/YdW5yfF1KXbywaX+o0IQhClBL5JugpKSkgtEmngWaRlA9ZRbnIRuFJSNm/MlwhGdyioo1cbb0xu5pkVEiKOXO+SRFGtKChe7kUKUKUKbNShRGuJf7CryJv1u6Lh0w69haJvfQp/aR+0j9p/Y/sf2P7H9jL2J/BP4KvwVIVJ7FSDbQ2qG1Q2qG1aMVHM6ml+tyJ4teB0XK6B0UiCGdQ5YVOV7sXXyDS/Q07VR76VdwFXNOAjs3FSwjZKtxyST3OBPwyuhqNfvM4oVrX0gc5W70Fo7g6ngPdSjFjIa6Uc6B1rCTCZFXfHWkOdNJOb1LNyUuWmRzu6sfUn4sFsj49B/DvVlo7gy0yk2aNc3IciNd18Xy5YkIJwJ5Jpfp26u7re7qT8PeKvhGv3ohparU5co0GumpyHelYjQq3Z4iPqrcnsNtkc2e6Wbt+cx1olTnb4y3axyvVcypNoirCFnbMSG5t6labrMvqOtO4zu85K0ys+OpWm4iqv1GqkuzU1wq3uqJK5ZqvMbcvkiip5P6fAuZm9OJs0ev1gcm7Arc6VVR1nVUkqvQcm9Cqg5m85s1DmS5zZqHJLWoU7rmyrRtns/vJQtSNmvUVtMMmvUcn8yJGpvOil/Ua2HWXxdcDlxQUoUoQRgggggjt/l7HliRcOvj9DXwCMWpqQg5iy1OJT3kgoXuUlC1U0lG5TA1i1U0lC7SmnQeirUkFC000oWaLT6hqP3+IqLS6IKMvhLNq96qOhZzvrKzfQrqumHQ0GuiXwpJVl1J7VyjVRSCLoIIG/NdOZ1S9FVFKlHL2aeSa9rHIpQpQpQpQpQhClClClClClChChChChChChChChpQg1qGt+hoaH/uIL3Xkb3QoEZKSbMVIKkJJxWcfccllveo2iVfU/xH7jbfuNr+42n5LTebzbI6yVp60vtHI2tYSfNNfBaDXE8NR3eb22t+hoaHrS6cFLhWvN43hVWSpUNoptTbE5jlVKehW/3Nq+U5m3f+o27j/EuHWqupu9aGg5stTiWdnLG2eWfNRyq3r9TKEtKFboKjKH2jmajWJs6qe9mOmmyVJFa5jmtrh3NBirNNWaciirOIKV/mp14Dvtcj92YnyOMOva64dLkekxc128VJFoscOAvfqoVRUlOTogcqd4am8qqOpVzlhqi0LUmSju9zw636GhoetBz0k2iG0Qas4JGudrmbR/ubR/ubR3HqSsTmIu7JF6mzqQ2SlMX+tBybq5CLLVPh5EnPqUpksp9TZ58Z5T1Fb/mrvjnPcrm0VO6CP7lnQSiQ9FWehKO/mymfwjkVzX91yJMFor3WdHeb8wiqiutTa7FGtlNStlb+ccRzUqY6JiJI8g6p2ck4dcVivEfzJ7xSknyLKGeaz9xyq6rjJU5aVyM+NSL0HOV2o57nOTDEiNXjfMSnM2rHO9KyaGqETkiwbNaZ+URit/08x68V4iPS5Olz2+xSozgcuoubua9TXBLiXiPeJaKTN3rQf3RzqrB65O6KfFywN4zcpNy4HMR31QcxHInDT6DWRWsr5LphknHnxxqgiYpJJJukkReeBehkqGqn0GpO7CobFYk2S5x+Ch8z0OF3pugVN0lSzVRZpF4ot8wbVTam0SStgrkW71oN7wrVbll9RypaOaxtVm7Jfq1RrUdkjnN5jpVjLNFKooRFX7jUyakzwWRqpQ/vtcsfcbvJyI7Jqynbx4DTBp22naq2SgoFYnFVKOV7lunjd6Rymt2mJEzVpsn+xSpSo84IRVVko/ngqYbmgrGDmJMi2aJrd60Nbu9ZKu82Jgc1HVJx0KMnpS76Fb99EzXlAtpU58JwgRiWjWtVHM/uORXNa7fa3oWSWjUR/wB4Gu3WLuD3sc3Z11JyHIyLTgrRtm9zWrCuaT8E8BLRKunUVye9zd2psqpNVm5OXNBqy1c7tezkknyHTtYIKSCCL5UnK7S7o40I5FKkLfJJtuZtUKmmSlCGxbUbM2ZQotmpSJZyLZLF2d3rQ1undnaT6Y4Dk3mWrUgcyarSGsV3BFHI6aalROSG1TdRHr9Oo56JJZ/5jFlB26/gqL1FXimccRrEz46iNXc7u9wGWjmVLKtTqT3m00ksos3VI/mOs6qm7g5i58XdB3wVImiQR/6aFou47hovn1JT2Ol3rPSU90oEVUVORUVCqQUTCmzXeXgcJTJRHOhvMba8EEtc/mHWqxBY2u7BtN0qarYzTH60NbmpvO4jERfmavM4t7yE0viF5oqD12atyp+ZCKmWrYieAqOVjbFUnUtFcitclSiROzSPqUp3d/Rw5sV5I5rpx/Lda99ie6Ekk49fD69trcu6SoiwOSSSpMcFJSUFJCGmL1GhSpCndRuKzjJRrVo55ndl0/VBln8HdGtemZaI6fh6Eq1k5qTXZt4VD1TLgjbpw+tDmq5EQ5Ch9LlhH8pFQs7PJo1RveaO4tW74bVIdcjUSpc9RFfuLljs17vFDMbxTstbp7SSew17bU9h2bsCDugiKIqkjsrpKioqJv0xeo9JodFOiGzHMVKsDrNWkHLoNS9RESlwnC6oe3d5DVv9aC9SeJuOs2L39CH1bTj8KsK911q5lMch6I3iqf8AYpX+a1VFb3lVkN55lSb3Ajs+t03TeiTAjacycPLDJUhKdhN2ngtcWsYX3QQQZ36YtTS6SMozET9xDsuG8UKhSt1RMiDk4oUKZDoLDuwWjqndRqj2fpE3iiBr93oLzU9aXdEkWxhlrwcik3UpI1z91FREUY5KmurzNltGKylWfKo5XZd5UHLusYg6HVNqRYgciqk5jfhxUq6+oVpSS9Bq1JdCEXIQhQhSWS0v5DmscbMpUcn3OJ3WNGiL9bnt+53Rrpui7TwOh0di9V7R287Gl2mDW/0iovEnmVZuQpav3GtiF+Ym9ikCDkmk7pJGVyc74Gun6lEOu9SDXZFo1HNXibaqzZ6czLi6pW8Ct6yrqmrwjkTVZuRVRYNkqMcktcO3pdGRWmfAQ+wjIc1IKFfUkZDu+ua407rs/DKQhBGCcOnbaDu69BcOs3NaL3sEIUoUpkUlBBpg1v0GtyFS6CLsypRrSLkVKeRCQUkKNinp2HqQ1vbxQbuJ0QhtXzQbzfTORZuRXNfWkmzRWUeylor22cQ9eg120qtESXINs6mWS72eZDlqbXl0EduO4DVRU64unHyLTt0Hf5jSCLoHJ3VIkRIw53VEkDkNMGt6KK1FFsfybNxmSK+DaoJaNJQntk5LJWqK4a9FNnP0HNVL0wKiDk3l4xzJiGUQVpVZunpJLkc/OE4/UbxyVHcl+w5c24OqFo3stOwm7n2ungGrmWjc/wA/Ys4X/cjMg5KOIIukm+CxtaVLR7kUc5TTBrenZypKjXGRQhQgtmUrcqm1Q2jStCcCoLZoMerSpHNvkRcEZlnvKPbh18Et8knLs9cMdhrdIiXSRdwERfV0wLKroN4KSTc5By/RcOvi5NMVnm4rnQtG06jllqpkc5vRLnfYaKR4CMU9vr2uuGL16muCmamk5CvKr+mHXxmmHmonFRbnLw4fQdxr7KTTsGqOScLhq59hHjpJxdblchIiYI5+O1xJwQcnHnf82RqSN3hUJx6eYaY9MKkVDbEdH2uknyDXEvzQoi7zRyc7tbuQkFcJ0G2qoOfUnlGnbaY55YJRPqbVCunUW0e4s2qn1FUV3YadvN8Y9cX1UQThgW6Lp8k18UzdUi5XXIVIVlaFaFSY9PBrwUqcbRxWTdPPHP1Tqgj6m36XJk7kt1CkKTgca+O1w1FSKQQvZqSSSSSTdBSQQQQRkRdOPTw8koZccOh8Ujhb9L4ugpIEFUahr46Bot8GZNytQoJUbaGRSKi36irBJJJJPAknwOnidcCrkLzQb1pXDp2evkStIIIQgkm6LpucxBWDDgSVFRoIovgtPE63oud6/EovLBp2Wly+SzdGKSbkJvdiamZaOJcS4qUrU2im0NocYw6eM+Vb+ijeKdinHDp5bN6oIN4kXxhc5aj83RnJBH1wzg0K8ypCChSnxHW9eYnIb3XL+Tn2Cd1cGnYx2M3xgnyFD4nYecidMDmSJLVv0uqUqUyFYg6zKSobajXoZFBSvb+2CM0U69k4RZHd27TwMY4Ivknwj3KhWbQ2ptUNohUhLTIbvWnUcvZRvuIIUjMjl2VSlakjmIOsxWiOgbaiPQgoUVq4my0/KXRd1TD18mjwqqVlZWVlQi5ls+lOhZZNvnFBBSRdN0YEVbqSlbpTsalKzJRzBzCBtoNtBVSCmdUXiZxT90+o9Zgdu5x9Dl4DXzKL1mkc6n7lgmfzOHLgY7IqJQyIZKlJQbM2ZTTgquggkRcEIII9SpClF+5s3HAqTsZUnK77oJupJ3muciyO+VUj6Dvj59Bs4Oiidjr5m1pbv+xYMhOqjnT2S9vJN0XSTfArEElBtopWilCKOs1JK0JvXgqwfa+OHMa5Ybwb0OqLV0XUmlzj5kks19+Y9OKZC/Dl2Ovl6IpQWtojRqLaOG7rdBc/JIIum9rUcg+xKaSqBtqo9ZSBctei8lHtpc3jHBRqS1zZRyDs5bOQ3u8RMluSPuIipH4ETjx6fVCd5Hf3HJuzIu7TxkRfNWWKOcNaxo54vlck3UkCiLAr5yvc3c4CRUiZI7mc0U+bIX4eI76XSOalfUbE68FIVLOMkXkZd3vNHLVVkvVDhSsKIvk0f0C5Bjhi50wWjeklmsFvw6jeQ3ry4jvr9BYWpYIVCKmFKwScOsFnG7kuqDe7aLInwsO82e6c2kjXcEMigVq/1A4RRcxRq8imvMbl6RLmrCN+G5G1S6FFzpdEaDVVHIqSITunByD030y+wy1hnFJG80yLNc146kk3QK0gRwjyUUoFav8ATVm6C0b9xqjVHpcxeA/PiRx/A1amit9yrivxH/n1PX9hE5wNcipy6nB49nARIzES6boIwTdArSCRHlSFJSpC+Ec2RqJOCBzzoNSfN6SaRq7Rup3VEUkdLVGqj/wo1Va75XDmpwzEyUR+Q9mScIGuzVZQc3is/RR3J0ocnZZE6E7wpOCCLpvjFAqFKXVKI8yKClbp7Jo7vDruCESpBZv/AOLqnNy5CxkcvNHtlBrhiE3Walo0aoils1HIWNpTouaDm5O+JuYjqmI38k0uj7Dkqb8yE5FMNnOBqo7POP8Accm652ZY44xxdJJBGOkpuRRH42oLnaDlOpxW526qneaMWl0XNf3lhWmW8v3ITJMyE3ly8AniE8Eh3kF3SSZHth3UsXo5vRR7VZT14KObVnyGLVClJO6nDtJJui6Sb1S+boIvnG/daWCZ9RyzfEtgYsO5lo3/AIGLLehFL7mvmrinQVG7qGXQy3UJTqZbylMR5XPbQWalo0ao0tG1IWbtm4p2jV+X/g+KfuUR/wBJG718FJJF8k4pvgsz+IWXfKN3WYWrKRwO64clSdSzdA9sOukhN7Ik+YReAqTzM+Iiou6R4Xn2vLxDcj/Mad13RbpLazQY+pvRxT3Ri7viJvjDbLS0/hU/1D1lbpwMX6tLVI/2EWpo3df+R0cbl4lSZ5koSnUjCo3uHLzWR2dzB3EYo9BFJOJG945d1vVSzTaWg516J3UwzDkLVv8Aq5Fk7JeRaJS4VZTldlxEjJDLNSSOYnY/F4CfI2Py1HLhQ7yDt1fHudl0wTFJOa4VHbyFm6lVLRo3u3xcqcr1x2fEcufhZujySnyCYgddHEnC7gNWpNTuuO8l8XR2Klnw8Wl0ef8AxFPeMs+Iiz1PhS6cHEs3QWjfugx8ekXCuNT4fI4unsIJJmDMzKuN0eDnw3//xAArEAEBAQACAgMAAgICAwEBAAMBABEhMRBBUWFxgZEgobHB0eHxYDDwUHD/2gAIAQEAAR4Q/wD2m/8A7Xf8Nt//AO47/wDpdt87b43xttttttvjbZ//AEG2/wCe22222222+dttttt//N7422223xttttttttvjfG2+Ntttttlh3/8ALbbbb42222222223xtttttvjbbbbbbbZnal+t0d/haaf/kd8bbbbbbbbbbbbbbbbbbb5EnbPeP8ATId/0rsZ+V/gwtx4mdt/5On0D+Yvobrfxl8Itvf4WeVP7/uws73B/wDyG222222/4DZJ2hdsP8Lt/wC29dfyB7/5QentfMPtn4mer5fQJW8X4E8s3v8A7De1/fhVOhZ4/wDVD7kD9OV6ZauZgXRe5JCutHvX+b5l/wAwzlMf9TQjkf1cf/8Ai9ttlkew/W2Mv6btv43b3N/FA6F/Bez/ANQvhH8z1oV1/Dkep+CTu/33ef8AZ8y/ln1Fa/8AXtmc+5RsIFUc7na89uMz2BhwIfGycA/E2e17Dbazmq6XcaA6oMAy9+R9WTrP6sfMYVXiJa+cEPROeOXg7j/T34y/f/8AB4O0v9xghNf4y3dh/E3un8oen/cI/wD3X19fCMZ3j8A8VDu1/nDw3+NYQ5n5P+x4OjP6x6f/ADb9nCdUPlJPbx71g/ZgesB1IfX9c6xA5AyxnTR2xZvbAIHc2uuNw5xfrJ62+gsD1M4g+PLbf8rNs2L+YACXJEpYtVw7s9njJvhibbbbbbbbbb//AK3qs+3IPifou3rpPwTqkQfe/Z/3/DDhftfmizFE86n8xu36bbu+HvTJ+t79+0EMWgdPP2xIHqXk/wBuqoJ/xYvCfhEPUh5Icx8EB0eD/Dr1aattt88S4NzVe7bbbbgyZOjtgfqTNfXZHzcsu4xbbHETb8vDbbbbbbf8gbbbbbbbbbbbbbbb/lv/APAT7B+t2Q/xnrL+Ybm/4N1f4al09/2Ik/T9kL0m9OUviTpfx6X/ACEYer+ea85/sAdmC/15D8t/BBqnO8mg3Mvy2KF5wN1tNEexsuh/iz6B/Fi/Vj5ZU9wzinP1Xd/2sOP7CTzqeRPDHSVyvJbb4bbYv+C3jbFj5vsPA0jLMgAd9F9dt2YgzHEr3uHtkffh+fLz+APG1jpaP9Ftttttttttttttttttvhtttv8AgNufiwT2j/hdZp7T/OYvs/FH6/KRe7+oReh/M9L/ALrPVz+X2kH0CAdMoA3YtXsCjsB/lY95fisPV+CX3/GEP3f6R/2dWFzfrsf6HSzeDg/9LPE34LPpa+ZfYhhuj37DBt2A4nxKQj7/AGzz0CZnxchRFzZMHLDoJwhzsnAyeTLIGaX1jATAOW/a3iP9jwzzR8pC38oDRxe4f4R4P6s+Uv5bC6wQyNurMe7wn74N43LLPnxkwdST/gx8CnWCyZ2Hi0/K22222222222223wx8yPY/u6a/ou1/jdveX8UPof8EPcW9i/nwfb0P4p/WfwXc/33af8AVPZf9r2qU07r5R/MfIf1vgYHX9N0YfxAUE5fygH1r/HNlG2etgoPiyQ9wu/j4Y+XEf4ZpjDbjPa6uBSfbbZND8kDHK9ae4kDqnvf4z8f959EI6xL/H+JTtSDlsTf7v7hhn7MLIeDmmPjpZBBZ4yzwF7/AMNbnzkmTJM/4LaytrY3PGLHyhlG222yRyC6a/ou6/h5vbX8UPrf8Ruk/QeER1f0z1+dIX9Egc07C/lNt3/rfI/6id3hb5VfrIzL1suhY+LJD6lp9DJ6Yce0pdRB4JHgc4sZUG3X9L/HizH47het/q/T+vEy6UfMs/DJnHn7tqA7z/d//hLhv25+XfelflkskmyTxlllnj/nwxPk3Z8AhC5puHg8MFnkPGeM85/jj/h3szZJI2WWeBLALFvELAiaHZ8E36ycXedwwW3hfszuX9m/9DjjQ+V/mPnP8wEdN/RHxHjn+AVbsWsT4r8GPgZklkZw2o1igH2gnvDopxqZksYc5tGHpR8y+1a/P+IyyyyyyyySySyyy35/au92SySbCyTxwH6m/wAe48GfDwLpGPjx2Gx4g8ZZBZZZZZ4ZZZZ4ZzZMTiySSSZWZhu82Hr8QhmeTY5XrLiXcpYUHALhAiB4BzZZBZ/gMLJJIU/SYxjH/IBwT2HFrwGx8u99H8WXAXL+K4gdwIIILLLLLLLLPGTP+CeXJmbJP8FuH6tyL5F/qeBPiYjxs7rI6Fuh/rk+0rsH8x7yj238EF7d/wC0bO4bq55C/tPpHwY+UwSpPBGyHkngXPPLDliYm293Nflpv7xB+0zPkHggjyecs8D+geDHwMfI6+DickLQiQveAxkguMcv5Ed+jcFkeMiyyyzxlnhLLJJPL4ZJLLLCy1a9K4Fcs/IjnhAfhtPe9OS/ZQHf+kfOofJfy3bv6pf+8sfr8av+euExz+29IfzjPJ/HHjzX8n+VrrVe3/8AmAGoHH7OpJU1pAvhZEAHiIklkN0bd4iw9DDhe8uvggssg8DHOzhTLLPGQOvyyySyySyTwTyDwBBBBcIX9hf7MPGQWeM85ZZY2m+pvvW3tbT6b8r6Vtufbvmd90Pkf34n0/BPBasDJG/3r0RaOjVeCSZ0aayUAz4buv4d8Nu/5poXrv8ANKMmbnP8RIAuacxdRflMbtg9w+4+RlPjTGeoARP5oIeLPDLPBJ8hh5/Ux8DWtz8Z2cTEkhnq1L8G3yO72voj4PIecs8Y/wCH/XxlkllnkfIyQsggi67vZ9Q/U/TAOY+0fePBmxfRZ+LHxY+LC4kOxPYP9E9/+pdn/XhGNfgv/FbJ9P8AkC8J+Tvifxkl6/kSfZfzNej/AGLdD/LOHr/aS9P5Fex+CD/G6E8fzztrT8+uD79xBv7iYD0o86QCnY+rB66cPm53aOmuBZDeT0QphucbDDTTZcxySrDqAS3/ACeA4eGWfVwbrLJmEhJZJGkkjlPi9ovNZJJJD4afQG6P3VrfSHgLIPGf4ZZ4yyf9T5yyyyzHef8AGRxz15WTZ1CyIi4ZcOc2GmoAZuw0T8X8rPrf93wD+74K26/qlvT+pX/4SM7k/wDm5b9217/tT3GwfvJ83+0eOKeibTuiY+PHwZXi4oZcDmPaH9kh3/Qs42HBuf2E6ny4XcGEGmZy3LZdtDOS9Tg6Gs7sYHmeD2rAHGHRvRWWCjPTlu/2k8L4TgWj14W6/Af0WWW4zeLUZvFklllkkkP6GyS5J+83PmhZMn14GYbTFfP8y4NngskN3UZ8f47/AIP/AC+cmzwz4JMkx46sssgjweb4STz4MWPkv/rSP/nku/7ZLv8At8OhCP8A6SXt/Ul/6yFoOH9xPo/tH10V6pfr+xev/RSnX8N9T/Utzr+wWvf9S9j+Uz6p/NOyf6m+e/8Ao9WjTLB4ZLDclD3EJIdnQPVk7Rx3AO1FA8HSnDZwb4JheyRR+GRukgOjvIdOPZPfhuXC6+Fn6TgDqS7nM6jwfkFllllkklkkIcPySy1/w554Xxa+J+Kfjn4rbcj+9y3H1pcS+Ef0xonFjZER5z/L/b/wfDM+GSWSQsssgs8HfpEOhcvyI4qPIf6nyCd/2LftQ939KPb/AEEB28e2AXs/nA+79V9D+2DkPqB1/wChYdf1oH/wFkyPjPAt4nwfpjXZbwzucXDF4mNO94l7O4ST8eO5jnBDfD3Ayc2D9nkONbyPeDo4lD0JgPQ5l0DSy/qPGfBArCZckZruPjH4hfUWXO/ExTEY2DB/wAa+q+i+i+iJvV/oSWQb0vosPiwseB4WZl5thh+VPfrVjP4/5rn+Ueucn1iz+LGZe1l7WNllnjLLIc/r/JnwZnwxZ4LP8Ev6yUR7gv7vH9v/APRVdffsL8b7C2AceGJecd2vha+F+FmDlu6LE3G/Ny8hCC58DZ9d5ezfqcwPZ3FQ2sR3Mg+Dzg0FyvcbcdeH4dvQejjpou+fzwyGNsStadvQkJLhsx9mXeWpaSFqjTDVr7ZmMrbS/WlkdSOALmM9LyhAYGAD0XtDbbbbbbLb59/ieeE222GGG2WWW2J39yuPwHcMfCuf4+cYs2LDEFeixel9Xh+9sxrPt6W/m3LlEk74Iyr6p+C+9Pyr5a1xuIjwCzcvyIlfk2Ujso+Nj4W+lvrb6G+lj7Z+6xg44/4H8nXJMAn2tk7KcA9ZOsMfXxfd/qf/AE1yuUX34+9Pyp+TNq+kCPCbPo2HxNtumucT6HgGevzG45gPji547xfJE4HAujap9tpadvYFBTr0I7l2HF9YwQigCrg5asPe2nFmcDC1MRdMZFCAJjsNGxzgYBP0zSYftf1K62H3s/qOZ4b7HgZ8Lc0Q2cvovq/ywN+7wnxg0fnXZ8cos9AVwH62n84NlSD1cvqxJc+JT/Kf/ZP8AtvPhS0sX3eEfAigfc7ZZbAvshlxLcrrfwxC77SPjR8TxjwBzRmLXNpM3ST/AK7ag6ZOpN/MDqJE5D6nNsQzMiPr/G+WB7hNO7HyqfL/AEkR5nVfGPnYL5n7J+C0cezmPC+WXJz2e3oBvOMfMRLQiJ8kENDwwIkSHTHGAWDgs+pM1m1vNoRuzy6M+S4IhB8Ntttttnre3y7vhtttsvhtssoyqz4yjC+cYIo32r6WWPLwBiyIekfEj4y/O/G+4j5C+2QZt9viPzJ+Rc/afnSr7tfltfm18oa8TqdHWe/J/hz/AHy1frc/1xBv+APO2nX98pmf2uEiOwAdPEh/6MN0nnO0A0sO3WTdCe3gLKMS0ssssjxtlt8MfSwsJE+h5jZaxfa6gPUdrstmR/0ypfj1xEGwvpy01tRtPuVZx2Tp7h73aDuWt48YViR0hCEHw2222e758mAtttttttttmJ2GXP8AZMw0+8suETh1wST4Yv8Al2Nttttl8bbb5T/BhcZwa85P+X+xnr/WTrOcu8PhsJrNikknE9aWoMmJmMDg0MPLaGi4A72Ng69Voo+bbFaPeG3FeKM1zuybXBe0EX0y+jxttyH+FY+X8skGAND3OwOrICL4Zt9FEaJ2QuHhc5kOpXc9bcH79sOcy/bBPbPZzL144kji5O5x5TYp8C5zLXMbhOEOHDheBNt8bPnbratf4VGvG2y3ra3SDB8l/tjo2yyz8Cy98PRcOxTef4g+BmrVq15zVsE9XZZPB43Jbl+vxS4fwfBc2kMt6eFviwk6r+bfO9M/noJAE707i2xN7u1a4b1Id9xo7gHN2Q7NQ59kt/DIxtt8Ax5/xBf7X+6H+pz/AErb7fhducWWFnEdeHyy8a+G5NkerhB4iHkBthtttthttJYbbbYYZbZbb1huS7G9a3D7lDmbD93NvMs5XfhTN5kFiIGBc3dn5gMR8G2222kPheog86meVt2bn++e/gz/AITEPNpAPd90TktvMMbIAwigcNY4e22/IhdGYhla6g8H88YfN4Uk9CBziRW8HDx+ZPIvrhV1qwbs2JmI4Pg+B80+G4iXqk/eF2Hyf+bbbRv8Lu1+E7bidUCAH9ylsJKs+sWtwd3eOYliPqGGGGJQ22/4B87bbbbYY8Nll7up4f8ARPX80Bz4SHBr3fiKw7g+E63I8XoE0edhg/1RQf6p9+JPODOLmw93Hu2PbFlYU3rhd0Op9R8N9Hg+i+nxcvUa9R4/il6a48R8N9dv6vrnThn/AGpWFE7g8aCKLyQ6Z+Ow3Qv+t0xoHWaN0GTcjJ67ORpZKZp3bUGLykMToWuL+cgm7iyzYpAHNy1hI4nOn/Bkff8AtA8j+GQ7X9XZxIF5NOJ9X9y9l8LEGaq9NgQCw+R8s6Sc9kfPhOrxDAgR927Afv0IM2PmYLzebeZ+9D8RT8z6ZB5LY8vovg34LXjf4g9MfifqOQHo9WM6YCPvRUBjTZBwdJU+jHwb6M3rIs2BHc0hA+xLCnzMHouPnwEFb4aa9y1zYbDV2l1HIdQ3LbDjfjeSB6I3JcbbL+N9hZiD3mLj+TMYJNZCZ3bwo5hRxupHV2ryFE0D5iJb9erh+bN3OmI+BY3rcWYTtXVCy9Z/Y3nIhvxewPiGXsQtx7lY1uv7WRQQAK8QaUdmPiOXVmfiTMfEH4gTMdVnn8GXH6cSXpIaPoZaj27YPnWEF1UbS8t+MuSAD9tuFN97IB+238IfbabXHxJ9RQuFra488jP7pRwRya5b0ntJcXimwgziIsCcOZbZgz6ufNQYdveHenG5BU55AyXgMcxlbfDpDxnDnbijh2O4TW+s5gRv8PZjYz0hVTRxkze6Tu/DAR0ttas/JnAhwrEN0n1GGKbNTzJBC8MY/Qbb8iDJbPzA+Yw+FnBr0qxr9y7ursbLH/QmD2Hg2NTpcJLhDPCe173b277hDX15ZL5Y95AyHUweTO7BuB8tpNW2MLOUDe/jffhEopAxMflnjAKjfEJ8yYsD2w89QonKE55eo35vsgFY5IQx5jgVjM4L6hV+G/bm1Zu+LCWvuQw691aGPUzM50fi5i4c8Kkkc9hH1y3lI9CWK+Mc9Qg0dfxaETi/FgvhlkcSP7sUs9+vGFu7OeZOFsJuB9dk9tngGYXTHzMfM32MNpbz/GXB8Q0Y9Yzo7VaxnVnNcjLYO2zTxuXA76jUN7kPSfRly4LxpOJmOFPgucD0cygF7dTk9qbkIg1uJZtz9escifXrFtYz0FoXXJDllNjJXevlMwWG6sFUxsq9TF3jlkvvSexNNv66IHq9pOkc9rbORbh7vUfu/eb0b2i7ko8goUNOE0lb1YJln57DmHW+8WwVUdm4hgcPiOhLgmJ4cXNyN/MfOiVYn+m+p/THxP6bg6/0yPQ/hj4X9r//ADqxbr+Mbg7QNR5yM5RnQg16B+tuC05PlgomghhY+aVkPtWOEki47nhN0yG9l9xP1yPxLgfc2CbMHe753uPPxKW69aWnJPHDZmfkIKGIe5je75Etx6XLJEcgi1cub18pu5z1bBwbxCeQX1Goym4NgTi+ebB1nVxXfAfHqXByfdxsE6bvKguZpB9sg3f66n52fkhwAtNgni3tIXagAGophBNe4eGyD97n+cwHPYQdhG5AfZgccWX1cPjp2ZvzKniSxEPsN2wCExn0XbunRxqT2EXPbrrsewmZlvPcHdhE3cLQmYZmWBXAxNtP9XaIJgLrvUo+/ZjP+McYID3q3kLWaXr3P2KxR1byzt+/uyJMz0QNUBOEiDvqZpOVc6jQl/VdD4Hg2F9p0MLgbyZY4y6/o8Bbghzverj/AGV/88R+x/dK/wDnhd/3x7o++d8XfOuMjPg7b0XDxQ2ftTidDNNi6ZseImuIWM+G7GpxJPcl520ANaPFwTEPTzb8cU+OyrRwHd7vbCpln63H4Fy/ZljQe49iJF7yJp9LzAH9CVfiaGTtHM+GY7hAGfAhdLJo4yFNcblw07kfZlHE03dx/tHd/mU5+QljffiKGF3T5s0Dj9v/ALhElGpqz6BbjK+lYWFEU5k5JOskfG2Nv821BcYuLWBd96ORuM5vUHUX0w9lxH4dzP5izhGxj2/qFpvsZd7u8zbr/KT9puaRTd8wl4U0GtMLhed62zeZ9KfrkroA+kR/m07I8WJ3nRtnzmhnDdi+DYYvG5HlR1zdYNaz1DrKCS7RPyz8WnIZBuhj7Ad2eDlEgPl7bB3t5IwHRLbdI2/aJ4ddC2BdYIeWbu6z8lv+Ruei1FnZzMwuRPqHJ3q5107vXeSXqH9MfFc0oneoW+onlFx6w2QFX/Vr7f1L+ka8epib/tyaBMG4YXqhodxDD0ZfSj5N9m+5dPW+tDxxyy6pln6w0PwZK/ll3zElqo/ivti7vm4LHDHxAcjZG9Nt07yHm0Gqxh5XwELQM3E0tJbTLT8qU1kbxGWfgoCa13y4SEczFAMIIuB4zZAPxBAnxffwX1g+I/8AXR1f6CfTD8lfcL8sZd5Xa/u58Ov8twVT0n4ln0L1YuOuWa9T37MMjcLZAgB1HdLmd30AdX2/7ts5f3DBj/MB8wQmCwsGN9Gw/wAXm0hHfDpIV7Np3ktxz5y5rSI8DTctZfi4PeInjSEsHGzbKc8W1g3YjxIEnNOH+5wcXC/k8JiGPndjZzy/I0/8J048/LGMV3u9n436s+1QSis55uS3RR+p8c4J/wCuO/8A0QW5/XN6X+JDACY9tjb4S+yU+Z8M5tAehz0x0/Zaln7Fy+tLdNfGRmb5fXMQXZZzJ/1tjG9axTty55wHOCHfmBZxIfGT8r+P9r8J+d+yAfX+19f+1x9P7X/zm/8AtL/4jNRB+N/8xv8A418/9N/8W6wQAe7npiy5erOP8UZAM8SO5drn84M5YtLfu2aKynDz4ZefBCCyTiz+yQP1usdQiqoSEqJt9RABPPHRAA9PnO4WrySEOJR20Q+t8rt4hw4rfS/CyAHE7kmIuUwPCDOfVm9fzADcUuGcMMMZ42G2ZlOcW2woYYeoYtWvmXxhEN0hlkNyP0iQgYgvcbvZ3yQ75OyPmukc8G93uS5YXfsg6LcwJ5k5vfB0zktjS1YMblgieTzEgQafcaM3sCMzIB7uA2WQgKHplfpCLhYZjjhsMlOFmtjJd6juxrZ7eerRB2ntBvc1vHVl43HO8uL1hnwQO1qBzsRBBzkAIMOt3/pnlPZfHZgdbj6MA0sy5E0h6s9Ah9RaeLaNfBeNu/m22VhHfDUvLHlPJ/sn0zQ7PqxJz3VvFgTnBA9LWi4ZCDDbPj9RGBl/MGe7qc/uOK8yjsZLsZ0yWMU23hn3DDEG22PCyyy5tibDD4DDKH/Db+uDx2DPsP7cXJ7Z5Bgws8QOdbt7cXDLYVXE89waLDfoOiTGPBhrjbOA4M/fZWuH7I2nR6Mh6H/MM5cDoMO4UIWVnS6Y56E92A4nUQFypzcuTQHUEduHPjZZU+YNZnKm3KoMrnve8RhgwA4bwO0D0Lpr328Tds2Ps4uDw4N2q4z5LX8hZIzi51p0rHHGE1Bk4zz5Jv0nEFJw7BmOWtv6g/XiGFhnzIy22Hlhl4j4PLYmEOlkz0zbi2MPeHGWElh20y/YyO5xLvspfDowJGib9Wocw9Em/i3fdoZ8BwiKGHIbZ7eFNlLmfBYYZQ6+NW8Rb5/g3d8cN8q6H23/ACt2tRsLlzZYnMt48GWsN8BipLF1iXPu3d6IdFDcYpQcFgBd4O/g7ctH4C54jeurGJp66tuUrCDKkM0VZydnw78wDqQTOg5JwIZ/JsikFE6P3t1m3XCiBimfxjVhqhFq+S7lwl5+FjmBj4Nybzfl3sewPhHxX02/qPdAEzfMb69ja+ksOtv2x7FhgT8cHOLGPdwmWUP3fIsBJV5fiyEwRdpQ7bsaNrpt/p8Xcn2vza+9GXaNOWpsFONaWc3ZXHSF29njO/zw8G8cMQhwiDbbMspdc/XjY55D4DDEOYfHq2ZMXdWNtv1Ph+FcNvljvwHx7bu3xnjOZPIQWaRhBnnW3i4iOgfdhVLmfiUyHRBLl0R4ycHfl++z+KOSvAQXUebY18NEBLjIjzZWSRBax4Jw66LO8dD6LvYgcPRzFefOvXzDXe/ePGkzg/N8Q7P+q3xf6pf7e2+wZtNlw9l7ifw3I19s7josrPnZ85J/zCg14j4iZwB+7/Xq+M0finxJr3EpZpP42zzsLY607sMF1/QyRz3D3ZN+tsLNFLthLWxuF5UB58Teb1FgL7mm2T75C25Cwm3Juw+A7LwEIMtsvMreW23WIzYj1DEWJT1AgSzFyGLOXPD935p+OPN0yIYfHVt1fEWUEJvux/8AXf8Ao8/+vJ/9ZP8A6Sf/AF8P/wCEn/0lr/4p/wDR3F/1z/6mMf8Apn/1t/8ALn/1Ma/9d/8AHv8A5Vh/47BlpzkOT4v9Ret/oJ/2ZAftyxvisC9TH76jvxCcO7mcwCCN9C/BCKOLmHfw3r/2R8aT7F9xY+S/mE8dXb7r34gmaGwOG6dbZuHL48IT6pHpf0vxchBQn5USe0cg+iKo/O6lA0wTdNhM9y7atuJx4BJh5I2OYC/pc3nm+fph77xdtxxsltfeNjh4DD4EDczyLLcltttu17tRkQvW2UIAzrLK5u0z5fsGB945Xv4BLhcLfx4DGp4L9SJcVy8/QyYvpx95N14Ncj+77Pkt5nw5m7E74bYbZkj43i5/jl38ZGT/AFcN/Xf3XDPord2NH03F7fjbK0hzZPx8E9nG+SwcZ2YCcnBx1zs1fx8CAuuwCAZ2WSYhJZghXjH3COPrn3AhFaLxvhf5NbAymuctXCGPLTU6V3J9U8s4cfNok69TUEcxLuoH1DReNY3mmtpU9DjZ9DeCZSBgHBBnS6mEngc4u5jsGnUtLYYS2a/AY2KbXA1m7YcfBM9rlsYbucsW2Lj3ljUdt87kgj2cT8zUJ8YzzrZMzG4rb4eiXVsQpceIfm53a2WOdX/I7W5DEdnTgnb6JUblDw+Dfcc/qf7Ce8dw5/kFm231EOpPI0/l23d5NqN8WsbRsN4gBE4e1LYqQD1Yi8HZp6uQceWGJpH2MNeQCyc2DgkfFXDOYeu4dOthtlnq/Lr+jNa6ng8/32z9d3/hbJAc0b/6Mf8Aksbon5HYtIJN9EVY9Xe7Zr/Qdk5/sXDTL3ymJygNhoOSD2xE61xZrcb4LZedyORzZ6f6mCqm9m3WHwWakMmdQ4JPXEfInCdJZYu+frIO9+DzMchK+6yZmexwMtMl1E98CN74vWKWaRba2zmLOgum9iOjMcNZpQGNlRmBUOu8OM2mD6Xl3gRZsGK4yADR80wDh3AbdzCA4yBzc3fiPAfBbxu3tEKUooYgtsvEuH9t8q7TiNI6hh8NjmwGXMsHT8p93Ym6fvxXIOeot8QdOIl+W+653hbekJ7IHzPgtf1umjOIeJluDN98SLmj7w8wYZwPmECW5MZs9mOJDigs19QS3PO3q65KMDirUFI6cR9DohBZeYbbbQEesJ6IoZ8EuCSYeLrwuIpmJzDIjvKpanxQJlv7IiduHKOW3yOhempdWamHLi2Pxsh6du4U2RvQwrXz7rOmz7YQvM5tu+5oOpknfjDoWAnLGdLb20dwYATj7E2z1hr6muk95l2N8hPYDH1AMmJ7C4hlo9zvOx/w9ToHMPGz0ulYfOM4cPeP02oh0uXcDqcR3HxeSF3i5OOQznmzeD65kgTRb6rj9NE1dYcb3ZE9WjpdGXH8BbvjmFthiLxtsvFzHjeI2XFqEzmU3jq2G6LYW2bmHgz1MMXwi1Tn4j7ofpbm/mceyRn4J7ebj83owDaJ8hKeGZsHCT7sBhBM+W+tfWn4E7dI+YvqT8aewlxKvAl1Yu4vdiyDzhOoNx2Fz/SFi9+x+ZPIObhPnbCSpoPtXSl2fAkhm/YwDxL+xb9dISa5HtDux8EgAPhYvU/LdJsbxEllhRf1thf7DkhZoceOrWdO86T1GmoX8EcGUyC5gz7wl1G1pMAho2p8c7ChveJBis73WzDZUp6GhuJdIUXa8yudouua8o+LGLHesg+smFa9HgdEE245yOPHVzzoO2ID+c8G0Wr9mWLzNzcwwuy5u/UGxlol9Fo8rLievG+A82x6gbE7i3i3m3Yd9XSRn7V0PB4X1cW+ZnxV1E9+N/yG3f5NvgmEkE0nJ48MzKN68yH0b74vz876i6HCyHCKg27X/u0+P7njDPpi5m8xD/hdT9uXm7RZPlM4I243cT+Q233l/smP8CuSwAj5oTRp/pJ5zn4s8XXrjqTZz5t1wChPXdGeGQaIcdscgq5t2inYg5Yr8wn1Pg9E50noWalwuDflxbDgMRBrDscn27GyiPFiSVM4r6BMZlxYwnpsV+ekpKVatIrbw6jUrTB5HU2UwTzXtKp0S8fAcIjxxkqx44f1azXofJepUzRIkXL3HGNDIWwCu9IEcUCTwb5QRU5n6Svjx3DgyROA2r2Gx9eGZwEcz57823Fwhv58GnCMnrLl6iA3qRv14XrdrivyHPdJ2IhJf8HJf8G/WY+N8MNtsImXjbJ9uL5a5TFr8l1TatOdbfJybNQ+2bmmeiXJPd97v/E/LJ5fricvEklA44/4gho8/VwLuZ3PHzt9O2LA4M+ZZRzPfDDgb84zlEz9nE+up9kECU+8gVycN+m+5DbmdgTG7mmREISmHetk8mMlodmDHg73HZdOA1vr/wAXefMtrrIXOLDxLqawTbd4hrngWeHqVoC/Qh7dLI4MFzYImcbcbCvJ1txlY9PtbwcGZMxmLQVajkTqx/qQ0BQV7TEJjDiuFwf02mXAaIPIPYd6ddJz8wxYu5HNg7qJWWL0jwEQQVsWRHuc55hfmVl2B1OrbFsTshjwohv+C/UoseX4bk4RwUsqc/52Y6i3m2xsbC6dT/gAf8EYUiSp48JjMt9W6TicW4yJ7Enw8AjqxDxBNfgtZcvy6T2/a/4rlvgQ++Vky8cdsb3/ALt53tqC9n9uXf6JaNJ/iPjQB6Rwgt6N1mRwO6DwRG/Fy4sFDhw9kCi57H8Ct/MutBh++9UJs5fyCD+sJwnZ8rjdKIPPemcGzA9jVt7agXTDpzo2RfvsL/KYNDbU+9447woZhgCyDS0hxaEoe+w44zzHShpM2gGl/BDaaeEEmebzeggObxDal3CCJyJ3NFABxOsOfmZ/59a7XbIMYbORE65hOxLmxt3cBxAuBxxxdz/dj1cDHR+WwSw/N8R3EeAV3LPKNzr3x5lBdM6iFWcPIC4875ZBbH8KE1inM10dtn3+1yTr/wA9gALnas/QwPih+PudPChizKTOX8Xr8VpcIAEwL7WBhSLQJs/9ZcFjefG1d+Dc/wBMORgmiFxbxfOWlFXcZLHNksubBviyMgzXYZYChGuEbb+GDpvFxKPJBuiOcTeFpYWFxnMH2sah/sb4in6Qk+DuXFOezaCwrufEG5Kxa4abD6gGhLUOy5IDsbHGd83EvEEXrluzfXvOfTnOQXOok6+TayMldg3Uxy2A/bEhBcgb+UXXHwdhtsodW0LW+VsSiW6RkdcTEDWA15c3ENrlbxGjDDDDD1EHNmVrg8D6lxdl9hKTxd9kt/hPV1X9C43+XQlDD3bbL43x7tty+KPF3OBAqb/6k8MpOWUwLxJr+Bpz3Hp/ciPV+J01fyTpy336hwepqQxb4Ig3NzBKbHHFsKvGy+EJRcT/ALWcaPzWU+VclmB/N/JBAcjBmt70jCodAStt5g1zqVUg9N8vKfLDlJ8J8wLapOUMUsE78mQ69OTO4QYh9Fne9e4S7r/xIROHj8WeUT02k60+SYM+bOQa3M0PwwsTrmzwl3XLQ9PJ77KWVL1dAaOGsN8m3HQgnYBBhAx0Y4BGmAUubJjyxkchNAU9hLHiZwiODwdWy8Zs+YSUQoB6R8hJHgT4Hj7rkbm0nYbuFjcdxdbYU5Gz+tsx88zas3MxyUTNl7kgokT5ioXpomLtmr7mMW0e2eXlet2H4S8XOlp/hLv+M9PDq3y+efKnwkZjfoRaBs3qyj7wl+FEXltuCznguRu85vxOYvQwftYDysm6ziW9TbZL+mLot5cv3nCT8d/Ov/iAA424RvA/fq1QjbnAfdodbVdVDwMsdbjOwlt3bAFnMTdFI7PrnLTI6aw/RnOXuAEGrPueE60HEbIoV2NOhuhsfM14oeMeyOwtu/ki15509EUlYW0zrE10i/JDRF3shCAfnGGrRB3k93A893Oue8lZg6A2pwYTg47LoogTbKD5DeQzgw2TevKWNQ4uCy1YMdguSfK519W3vxuvhRBE9TuBM+YST3qfDN/nJChHzzC9/wAMb1De0y19R7np0kY45uDqJd9sfKTx8hDG55NLYIEVGMB7MfY3ObC+oMAV39y9czD7bdDgWgYXpI0fxlEyep6FHW2hGk4nOTxfbJz38k+O0folw/I8RP8AlnjYuPzBM6G/6TJZZ8InYRSTDw1YnIhv5PjIHkXPUUv5s8/Lnq+5s1vSWW/t8Orwe/AOzP5lv2ThVGbkNoM5cerTAMP56TXp9KRuz5jBjcR7DEC/BK5udiSXBIB1P4sj8nNlg5ZxnUIXmfEIANByGfjHo52Zm7PD8k+l/jnNptxx14O6S4WdMMhWCkJwpEoRYHBnrTw5oRQ9NBKD9pFkOL4mQqJQXRjRQpzi82HMQbpzSDW+eGOrB01vshFMBPRFEKjO8wu8i9752Li34ltw+RHlu+Ol2lwIOIepkXzh204/cVoz4OvVnjosetmz/qsvSfR7yzEf7uBOYJDX4hz4S1XJ7v8AEvdtuV9I48DfO+WHwr31GBwTc3pvxdUr/hZj42tg/LPwRSm5nK+7jDllAeG1ZkDotzIreRHA433ExMcXMfvF1+W/2/Duf47Ao2ufco1jbxnd8Laq51g3gvjR/MJvS+tt5wUxkNH6sNsJ9gnPkV5Yf7wGaSyw3Jrq3P4yzbMD2R1s5J74eynYwkIOH+O7shgxuDD9i4niHOd7QLQnV52BhphgLI3MoN1+sPsCJJZAI3iPjjhOzMMDk8QqL6DpNvFuXcTpL8B8lpp9x5Azqz5jsBvslwQnxDZYh8bG92p2H340SkrvcNsg35E2s5z3Lh8sMc02XM4MmTmWZbL7m4z7y67e/gR53wJgEC2WH4pJweeJYWM0HxcqGkt+BPnMIdicNml1n5uG5t+M8KEVwHggcF9p/N893ifWrsUuY/eO7OJd39W/2M/w9jMkDDS52/3b+I+qy2Yf0kexcbO9R/fe3f5h+7+YT0jMkQvWPrfmfqyyRJmfqVYMOe4wbttYW190j81LP3zyrnkZGvxCZRWRhwInHTLRADfA+nbLTg4yYNPa4pZevHQzbMICsMF7f3/hy1nBs0EPh7GIOYeAcMwWBsNpRCAdW36hMcrOHJgx7thjm2Ofu+RbB6W0QPF3ZTr3twMDkuWrmxbK0PKes48B6ZedsmgfKP8AlDTGX35Tj6s/EfQgwrPLz94FPxZNjBODOvSd2j1iZGRbc4sJvxbh/F3piw4WrXkYbHwS17oLysF6sehb36NNG5AvxzwyQ0G+3Z/3I7ui07L/AEJf23GH1rLfUb4JXKAgtflgvmC6/sg1xdS7nf8AF7U7PND/APUy3ojU0SeO5/EHwP7YOP77M5/bbfC/1PI2En2Wzz/k4tF/agzY4Y6J3L1PfBFabLcfdgPbZYsdxLO6Y9Q1cV7h8FtwP2iLfGsP23Nbb8ZIQE+3C/GNKNsj1HWs3qyJ6knjkhxKgeuG298k4zVsXVg065QcZ8rvY96j55k8C0b6nt+ybusefvX+Gz4WzCxcDLvprOXVsNtl5A9Z0dMYXRIbzwju5dQS8xL1bOuegwQ46ctT61P55oUXm4dnU4NNuTokTczE+o9Psk5id/IX+k3tjp4P+lL+25yQeDwPAiPIWQQR/knPiO4eMn+k/wAW1f1/i2TH2jiVR8xyQdTdy2xVCQyFzPouKYaiJ2OZtukN3jYfW+REJ7gWww21O79ng18RZbNhxLlm9Nv0sLfThkxh8zyAE2eHiw5rB8o3L82ju+7AboFkp6ZYrwsas8X5e/48OcMA+UuV7iRhnXjfOyAkeravRbBGTPIcp7R1xn7IBabYf1F+piLIgH7toQD1+zWMPSTIADTkj0MXVu1oycfyTn+3sveev4n/AGEdUEQgviIH1DIGIsgssg//AIJm3n9h/W/wLdjnEXEFW5YN9y6iftOKFV1H7CB4CPVl9XI5J9WbDK+rRyRoXnKdZMWfHgU9+DeoYd1NsY7wwgvVr0u+DmuWZSQXmN3IPguLBxufonDM926qrc7rMwzGPhQc/ht6lly3G+NDnwZ/hsuWNp8LEfhs9OsIw7vhQX2th7SntdheMt983F58DN4V9RmTcdfFjhAzj1BPC7NjDjnDfqxTZeLCz5JAjt8Fz+Zf7Zcl+EeDIhAgggiDwQGeXw+DlKFsSGekv6ofK4LMy82FzeRzMYIjOKWM9agkLmBuqMCONv8AEmDls9gFiJY5+EnwfBjds/4HdttsW3Iwy1EckQDvMkZS9wyK/ntubktOzxfDmTytzJj3YPuBi5s5iDxtsm5rf/g9X6zHDd3xZz6MDMIf2G7mDnJerP3kVrGmuuXE6viOcB9t0YUHOssnnBxaP2lt9znVgT8PD/kL/ZLkHwRRRw4go+K38WPxBBZYeCyzw8Sl9+D42D6RE+HTO3gm67jju49HpIPCEzAXCQL0Jd5jwu/ZcKQWzv7xCdHHMH8ZOSYCHZBa7sLU/RGyL/HfG/4e3ge/8NtTw55G21ls4l/Kh6/YTx4HN8zgq3ciHwieXnXHy2n5obS9VSC930TYCrlSaimc5+lxvKPwQhyEw9p5CNj8nRuojAHyeNKltz55fD/kLu/Zf8ayJllzGw2+obSPpfT4c/MLFIObPxQO1FHPED0+AmJf1K4/wByfTs/bGznp0M2HB8m8Tk0ljfcO/eECjoyBddj8lgUs+batj4atZMN1s774wfDzkx//AB7zbG5v+O+Tru22EbbTy3GRHCG0L6SbD9hEcTideMi1A8M+dvp8tr4WbWX9PptVUXvCLHZ1t0w05LUMODGIcBxNkPUGmxpyHg9yf1R5u39L/bLrpBZZZZB4DwbaxW4x0OYERp7h30sbJ4P+bh1IzMUX9lh9BH+HH8rSPo3bCk6PJGqWTreyQL5bsRjez4ZFz5p+naJa4ptx7KP4CM5LYvENLT1ABDgRPLSb4bf8zn/ImD/B8alsc2aud4icWxs/meSy8JHWiD5/jD7/AKrZDt2o8bkE2PhaP1nAebce5n4dp0LQ0NuD0YVMMYRgcfSeWZ8utvq1f0yMP5x2uufmLudsD2bLXfM+bZGCflCeY7fo8Sed58Hg8n+GWeMkZGdti+kXfFPkqM7/AIIDlmADTV7pmRrTkcGBoxtEXo/C+LoT1I339+NXsS+xL3lKeaRuLZ8XGAEtX7zFvx/geD/E6P8AB87Hjbdzxz52oB+5rdTeLC6Wzub23CB5GMbNGaC9FPn2070Jzj8vRJl3g/ksnhckxf8AF1u/Sc27iz4mxL1ekd9u3JvhLIZ9+bMhRVDkS2z4ZmbfBMQfwNv/AATp35922xH+JZZ4yeixMX4MRf0a20IAlTlSJF4xviE/+lxm2r47Ec8TrDY884kTiz4ZcgJxd/4z1ft/iRb4Jt4mPU/4cePdw+MjbZbvJxs+zuCypJkeDZBzQ/v83Qgci2yhnCcOHb5wwrwN7tkPzwB3vlBJ7in061tuL7mPIy2lAfhI9RRfkEi2UijmS27LLbPhfD4JY5aRN8ByRxx+PHB/iH+J5I854ySTwkJbAVwOW5NXsxseQuTVezIY8eDBaiKM8RkbHSIeS5krMk6o8Jco0YbHriWfQpDZ2jyQs78yN7tPnz2+eBejz6/xHz8/48WG82WGMcW5Rw5njLkgHdEB07Kdz3xk+4D2SLcJ16n119YZZ0ik+Zs9RxtNeeGeK9bzDXrviWWWb1ENDnHTfgg+E/XZ0K9GM/8AxHP/AMZd7m7h7EE8n+iZQd8Z15zyR4DyRHnJJsm/3PDE/DYv6H8uy+HZXiY9SD8hf2Rs/lJWh134Ifs4b3dPA7uEePf5EAy742XP8ONupjHzamfrs/TaPmx9332Poh/EgZkYx88fIW74OP8ALd/wYiHGz14ZzInqfiznJGST4LEfHCH4Ue5tnkGAw+fTHDLxI8FMjlZi/HE8XI2D7ZMrLGsL+SZFZy728E9h4flzzv8A6hIYBIJIYdRtuIRckrnYcRkR7Pb+lw3CcQRws/PwesPcVs7LPOMD4PA28eQgmSE2Rnn4t/q5Pxsun9RvttxqtJcneCc9g+IIQ7+H3aLr4dvGefJ/TPG676keeo/l78jziJ9Da+p8L+k2K8+B+BJerDsbD22EPkihQ9hc0fJfGLT3A+Y6n8sjwG2YXG9Sc6lhllzkH1ZZlmSbY2NvVpvVrVOstttlllmbAKvMiJ31S933EA9lj4mPXf8AxKTqgn/wXSjuxQN7gF5zmLU5Y6nOv41lnN039njr2Sl3Jvv5vVxHSLbuqR61d0suyrE7M/wIfDM2cyWJRL+/r6k7s0hyC4VgiMOj6ED+RLndjZMbZUdXQ8O3hOGiZbgRtYEEwMnmf0gTwd+TwHCDDLZLLP2T4LJD4sPpDepT1fdPLhvu8CXc5e1zvuwe2B6nyTdcngsWwO5blsktBYDYk+C5wWpLMkWF7Ouh02/Slus2jwJbqNepfVb61/mFeOHzsMYqcxopVklz1c/V9LfWz8DK+LLGxlDB7GB8vxkVIl1XXLTDxZQnD2QWWWeRfW3RQZxXehgdiJZ6df8Ak+cDSfctfA3ZUOufp4EW3Vl+Rhb8jcU4b1NfUsiOdxu4xsX3QQvQ4oIL2E8PqNTThMZeZ1t9HLV1Lp5ep8sLzMSc3j/AsMh3DZm8y2iLPh8NLTxhYMzYfF9RKxhds3tifHM6QObk5C9NqzCPhjTdPGaWR4e9wYvGIkQ26m/pcaOfuDmfxlGD7XMdj93tmu/LFCzCwsPbH23FlzLfHSPYt/G+wsUTixzoXo8L6IL0tJ7WR6+P5g09sfyTCHP8Zfb+u5e8h+miyyz/AAA6UumP+b2Jj9kq9LcafexfEP5nl8+3WBVy76cIR5eD1kzQVshxjowvoJb7Rn2UdJJIMuwsIDC32Yy+M3xEWw8T5wZ8j/IiG23rw3Rl4O5jrx7fG+E8vhgs/q42B7ws0vtg51kL9TOvVmu9XD7s+Gwb53GQiMS5+Y/HDuGxLhG1YOelGsd921nKlYPeXAesjstRm8QyE+ngHe3PQMPG+LdJbqb56X5e8GzcX3Y+C10WD0o9ob2zHvUnmYsJYHbl9MqdT3f6rs7Pxk+v+8wOm/Szv/LO6/57qqv7Lp4Mzhk8ZBK8zERk+il6NzbOLewgw7y2K5wD2zpJIOn4AlgMccAxWabq9HR953ocFPqecyy2e+Jw/QwLdEE8NQukdnhfOR/X/Esj1J4LbefMeHObADbDN8DcW3PjLGZ8coGWWfVxk/c5ZZxa+YxM9JHO7tnjfu2V0T/J+wIP8WZ1u/TgyD7sggIk/hHN0g1M15uO0AJXXn1YmLL6n4LHhwgSN3Mt46jKEt5nLUOERUw7jfaKw2YbHoWb6JD4tjkO974aO2v8Wf8Akvm6b9ZcHP4W1YUsuLH7IHpA7gMLi/y15uRJ6YwTuKpx1CKsu/I0Ez9iuzVz+AAR/BlXcb8WS9B8P9oTZ7z1e1+LXRybMPunw+vA7Js8cS4/n/AeBuM8sMXuXwMGQ2bzevHCPLY+Hx0GER7Ix4zwgWaXayWaeDguzbTOvObsI534RRi/XiBbd1vnD1C/w15Na/lb6LgcYI/iJk7upYr6iBTbed/bS6zwR22ZOkks+uPOfwsCwyxtT3PwzjOLJavdlo8EZ6Yz7YHndvbMe9F90dKd9I3YLC+U6z7P+DYjNL7Jpzf1jEbTCE8Dclz8DseMlD2hPBmvkbDHvOLsZ2jhvCzBi++1lR17nStzo+oG6SI8zQkCcnLbMcIH5GciARnzKe+BHxkCSfV0u09Tb4XB8ZZB448Estra29+Dx3DMTcdzDbkJGT14RnPDchfiF2AyMTxk4Zc3djMO5VLPAhevdwCna3/Ri09Pw4kTmtt9QRdZhLxtsfsOvNyWZvb9W8268QwtMtsvXPg8+/Gfd17g3vqAL5PA2+74nuxYSbwMZO5B7tTxx8yQTOHSk+ri9DLHMT7z+yFzJOOs/ps0z5g2c0jubNLRhpCcJOb1Tga9iEHJwnPW3IDNK9kAfYsEc8zBToIk9NhxdP8AiKcwPuLsDh+SWZ5Pr+YUbR7KvYZTIsTLCQKwzEkPxQX0wTSdNu/JzfA2/MFlmeWyN3/DRAsQ74WOW+Pjw543iXZYBJL1IE5Fyz2BtCxeEuPB5uDLPHWxNvwWtXtjbuA/gjm5Q9y+N7gy5xxWbO1yveWv034kdF378m8z9Xz4Gc27KXHzdk2RtztkncIYWkhxcWc2d7ZpKyx+fB54uJPZkztL3ylytYuMexM459selm4pcZ9vVwgedHsjQqXOGpLFwWmdM3ntCbybcus64rOQjOptMetNHAuiexuXPTdOyQhp92gAkLkbEXHiA6WeScrObUmZ1fiyAPy9giAoWvwkI4GOgPRAnswO9fkh1v4v4rLvN8Fo7twdmMyLJ/wJ8UTxn+YPyt5eI+7TPJpHeGF982PjLE2fO3eXvqOPnbZj5bzexnNsvAbL4ei4I5Y87cCZN7nDY4Zb7ns5v4gzLh7j2E/WUgWRhZHjoiG2XeCBnFkEngROTl1dsHuAGFhY/Pg32QLln3Of7RZxx3DvFtPAqHOmU8HCXchx30SMtc10H5+4YF95z+fTndqeAE9EWUODGJAwoHoS1S8Zd+PR9kIHrJ8kXL2PmCNuq7h7cZuKj2XbHAd4Eu8RhA5yg+NJfZfG3sAZ70fzbrp4u86ivG/iPztfdsP7L9Fv2Tx68uiB2Or4NnhL1NvE7Zyu+Fe4ugJm5enm7nfZJ/Nl+MLhwWh3xEw73Z/kjRzHt8Pzs/EgiO5B58RNnkrpOuZO+bgjl1mHq92bY82b+WTiz4k4gFy2xbYbJ3YcZ41jFtsN7tM6k5JDIGpy+HnuzbAWSWMS1KVbP4Fk/wBLbxhPH/nJCdab3cozS5PxM5fZmxrGYm/S+puLIO8x/IRT2CVIEOD5EgA5vLOVpZnmMZAARqB417B8Len3c+uAckMZR4WH+juHWwKTw4Uh0llEHaLAx9oXtgniH1NyzTacFbuticxfLT1EntB/Gz81hvIN+7C8PgD4OmeVkkWNxgQZ1zA11jw42U3qEbKhwEduuTm2bBqWamT5ZhBvTem2wGeULEMurfavgMnxPSGXafUl0sMHHFm+OX3dXFoEcxM4+/Ga+MgM6s2wxVdDJ3J47tN78YOPjPcc+Nn5XLolhOScs9SdsZ68HRLdkcETc2v4LCD4eKS3k9oyE/pXDOj7jKj6RxtaCdZ0QoMBwM5uUIWrOHi0vXFziUc4u49khcqXp/TkXaPD1wbvYhOQgdzdHYEvdy9fhFDV19MxdfyI0LwwOD9JAMi+AlvS4tFn4XqadSGOT8qMhtHu9JgskN2am+wh9TJU4hI4ofWpLXj8kHtL+JTxzYzifVlX6I3iNedL31Ehq+rkGcLv6ej4I25nNyCfe2R/LZwcqb69WN5eZncRa87amxZE6M7PD0uO2kHNwkRRETstGRvgIN9QC3a1Nvcus3m536iI65PHB5XmB2Ojw+2NsGMxs7xsvd9F11dnjD4sT8GRLfkYcO24eM19EWrM+HmzjwxpXvyS0DPXTPHm+27vJbGmypVI4X8pe1fqy9id/hOxy07EIuT0hnFJHd5QQEDRKdxd6TTlJzT31vOMZfen/fWswrinwk4FR9Ze9kxmW9vcLaguRgPdj2ECGw9myfZI5jpvxhsH1C+lrwiM8+J8IkdZye8C1+4U4Gx9wEfAQ3Yh2C1nCV5YhHqtVNYxt0sXxzMCW/fotMxi6ovRAaeOGwgp97AOCD8+6/8A87kLSoF/U+W1xXlJcRN030j0dxy7kXrBy6i9zj7lcyQhZz1BAx8GS4k+7dPGQmB5sdIz48YNzn3ZpZY2622Lrb6O4AQm2amXtjLL5SSO88IdXobrAOGw9eCFlFy5G92zhMCyHXNhgQ83JkDu7kk68X68JW5tfc2CfyJzOH4bHvPETGpt9bkh9sjngjbds3i56RFDB0hoo4/uCClO3q99Q8j7uTqx0tbeLcXT+L2R4D6cSFvGxvuHuh+kn6X0b6LjrT3yCb0kEcUP2MvtQ7yy9HNy92fE0e2GI+xt04YQrxZf7r7ss33iUHE2vwxwd453Iq+4e7nlG+yYybZy+JoVh17yxsINPYM1ZF+7Hhs+6eHbGhH/AIjE5ci/i5TN4kytcQZKAZ624G5Y8WmMyQt6npICT1HG6XTgs6y+vUaRtxZeu7Pix38BrLNCAPGBv6hu958fsDq02MSzVsX2+2U3Sa/Wee+BlV+LFw+5uG+h4bku5sDdeS7uM6ufENz+Ql+GK1SSyJfVG7Dq2+O49mMG9gJmNnItmr8rkWliDpI804y7jb2+BxDiJjZ92tuerQt+/B6s3YUe2D6ULh6RoaGD7INMvcSNOBOJ3APi0Lc5LU5pIIbgcq92HuWYQBWHB9c3PwC/5sbAz4ZHvVlNyxEc30yH9EeiM5V5SZWrePZkrpclkM7TIza5a+JuZONX7LeSGKN8zG/skTPoe55/BR+ZYSaY1kxMIO+NF1y9NxNyuNdnMO9yakAljZR3vXCWhNJGRj02RhnkuyXOApj4UsuvG5l874BuQ8RjWHno+M2QzLG+LriWqw2dWepg4XW0Dm15ctzYURc5pHbMhk4zi2BNm9L94pw+B4S31KvMdPkul39MGKPz8SM/cG3YQEXQnUuNnxJ1kZ7k4bp8AWu/DFh14Am3NtpcH6nOy11hLkhcc3H3vkbHJoRqdO7bHcIQAduQ3Ld77lpFOFSlbz7ljvx3Dht74tiXIzN06Wew57faDH5p3uxdT3PqPa+wyHJCnZvA3u4dgXp1AVsHH3Dj2/HUC2NXRt4L1uT2HG7IegJckRrQ+j7ZLlm3ruG5fue5YHzGzWfvwA8FfEQz+pK2uebgORrymSTruDP+W4YbjuLCnp68baeOndt3+zHr4PAiHfDwa3Ntx7vm4e+pNDJPuDk+jqeWH140JJ1BoNtPw2/XNxGabgghNy+uBZHl+4EprnkvcD/OXS+/DCUR+Q4ucZOHCdEsguLcgHm5PwB23qDJOrLDiPcLOLGQtWCpMzi4Wfdzfxfq9NnxHksH3SPi+W3vF8HRH2+LD4eWQH1m7aPB23p4gPc+odhskOJM1EEBLarmeSX/ALyx7M/pJuR1jC3fcuO/9TqTP0LnGOjH4m3xkRlOcWXOwHiTfU+yQenFybL6nxBtOS3SSAbamkH14DVvlvXg5Uh9ZLrO447k/FmdR3LQGkTvnw3Vl0SE5Ahuy5J0y4Qu6F7bbcox3bs9hej22GSXmNjqSXu2SzWH3PM7Iuv4nMgGH3kMPE7uyyuC7zx+YdDcFZ3h/cA4TWwvx/F7J7yw68OERmfdhemXXgObCw6bmRybLMnLN2DIDbBu3bc43eWxqP04MuF13UO+7koZcZ1K+za43ri64eHWLDiYmOQXCcuvwRo9pXfw1zTmZwjBhMegduR6aFbpm9WaCcgYNl7qAPHXjmwGseuS9r34M/uf3w4bveI78Wcxm9cTkYN2fQ7YD+bIE4ZAws5Pi9meHHqF2QBb9qDCB134m5WxR8b6hzhtDwpjc6Tl2yo3+mHL6JubhbH2wF51/bjD5jtkMhzxz7JdPltyd/bEe+yYHrBuaZ0l38Ozq3xPSuI8CsyS/PUDP9IM3wbr14ziWsfTfLIxzkcwGyYb4fXV7yWzDfme5ellqtpVQDjPmDoHVwblgctGQ1HocJHXPZPTwYEzvZHKNej1JF0esem5e5nh83RGF2kaBnHP3EIeeHu0x23didYRXVut193Hfjb8ZK2e7AvtY7HynRt/yXD4xzmPnI509Wa8+oDrv4hi3OHdoymWjN9rvmD+IE425X6j6bj4sb8QtMPOZlzeICnMIDLrT1Y9kO/tvFiGQusTOcrxHBIac/NnznkIdcydb4W6ep1O7WNj7shvP1OLOHMAcrd4sG7MkNs31JxtnX3JhcXGmdz0NuOWBGNY8JZqDwTr5va+uyzF9ngxFnPEd+/GHQQFmbDj9k9/b/RPMAVu/UVH5MQERM4Q4QsLjoxZX3Hjn4w2GMy+rmrp6B6kh5QOOXWAdfPKutbW8e+8t7xBmVS7cA9PNtzxIA4LIJluckC8fi1vUMH58HoyxzzYR83XfdmH6QTvm3lmCAcO7O/u+xBsC3h4jMSDHxuG3O28ksvTa8OoAkFxs5zk366MPHstn3ZfQa2N1zxxp6JzluXl1A4GPgjb08dhChc1ogLjr3BOi5pnXG2cGN26LLlzBKzhfixFiXiwvxu/cDfO9x0xwixh7g4uQloeMbInxO7ydRh5vmOD1s54djkwODbA06T+2h6hv0jHu37vd+LB7v/EACkQAQABAwIFBAIDAQAAAAAAAAEAEBFgICEwQVBRYTFAcHGAkJGhsLH/2gAIAQEAHz8Q/wAiltm4JdvZO5nOw3zYEH2675gicntNuQUYQEGbsWu0Ayz/ALXYg9ijbtL29Kb86hlTB4aA5wM1HvkIqe13+Vil7e4vnVyWfxPMROgupPgZPkdyw4iUKDwCLlTBqZuMt8CHwkndKJzvGNpYiJqMAbQYUudK3jLPS8t21LL0QJc66mhOPfs8O/GNBB4KjELQn8kPalRuejW4wZslBLHMJ5tQY+SbRGBoTFD2svQab0TtfQMC+9seThtNnnCDRfJahLmRl+LY0uY7cmiMV6JR9qYK8Z4dzlRqRILVy68YlB7aCEcwaWhS9EzdJcjLMATd6PWFczPk4Nv1AW8nze/rLEh5GdXp9jLZwDk1s5gShbQU7F6v1l5cm/eWf7NQwHtLkcsdJ5OEmXv2aHSGZWYPCR+mhmJpPpg+aqdzMm2m0s7NrPT9qI4GXJudPEpbWOBLGzzJtHpNmm2q+Y2c63/Gbal8r//Z\" alt=\"\" width=\"420\" height=\"311\" /></span></strong></p>\r\n<p><strong><span style=\"color: #3598db;\">Medicexpress_two</span></strong></p>', 'No', 9, '2021-02-12 03:55:07', '2021-02-12 23:51:40');
INSERT INTO `posts` (`id`, `fecha`, `titulo`, `slug`, `imagen`, `contenido`, `galeria`, `users_id`, `created_at`, `updated_at`) VALUES
(25, '2021-02-12', 'prueba 6', 'prueba-6', 'blog/post/imagenes/imagen_20210212155838.jpeg', '<p>post prueba <span style=\"color: #01f82a;\"><strong>dfsdfsdgfdgdfgdfgfd</strong></span></p>\r\n<p><span style=\"color: #01f82a;\"><strong><img style=\"display: block; margin-left: auto; margin-right: auto;\" src=\"data:image/png;base64,iVBORw0KGgoAAAANSUhEUgAAAgAAAAIACAYAAAD0eNT6AAAABHNCSVQICAgIfAhkiAAAAAlwSFlzAAALEwAACxMBAJqcGAAAABl0RVh0U29mdHdhcmUAd3d3Lmlua3NjYXBlLm9yZ5vuPBoAACAASURBVHic7d1rjF3nfd/733rW2nv28Kq7Y8mS6EscO8rEOXYqX2JbJm2nSd0UDU4O2p40QYtTYFD0XVGgwEHRFz04BziHIwVoHTvTxGnsJI7luK7d2InsyJYt27Il25G4h6IkSpRIUaTIITm8z33Wc17sTQ1JzWWvuez/86zn+wGCvCji9YNqcf/4X896/pn3Xv1Sjg5dlLStbw8EsCo/kal8IrOOAUBStk2Xiz/d15ffSdePh1zlRJ+fBwBAPBq61K9H9bsAvNrn5wEAEI/cn+3Xo5gAAAAQikKn+vUoJgAAAIQi17F+PYoCAABAKJwO9+9R/cUrAAAAlpPrUL8exQQAAIBQOB3o36P6iwkAAADLybS/X49iAgAAQAga8sVI+0K/HtfvAnBa0kKfnwkAQPgamu3n4/paANzwWCnpZD+fCQBADLKGJvv5vH5PACTOAQAA8HqFP9/Px1kUAM4BAABwvVyn+/k4JgAAAIQg7+/vIxMAAABCkOtoPx9HAQAAIAR9vAVQ4hUAAABhcDrY38f1HxMAAACu5/p3C2Dncf3HBAAAgKs5qRhpv9TnR/YdBQAAgKs1Nd/vR/a9ALjhsSlJfb3sAACAkGUNTff7mRYTAIlzAAAALCp0sd+PtCoAvAYAAOCKwp/t9yOZAAAAYC3v/6I8JgAAAFjLdazfj2QCAACAtVyH+/1ICgAAANb6fAtg55E2eAUAAMAVTs/2/5E2mAAAAHCF09P9f6QNJgAAAEhSQ2Wxtz3Z78daFYAJSbNGzwYAIBxNm99DkwLghse81P9vHgEACE1W6LLFc60mABLnAAAAkAp/zuKxlgWAcwAAABQ6bfFYJgAAAFjKbX4PmQAAAGDJ6ajNY+0wAQAAINcLFo+lAAAAYMngFsDOY+3wCgAAAINbADuPtcMEAACQtlwqRtp9XwUs2RYALgICAKStoTmrR5sVADc8NivpjNXzAQCwljU1ZfVsywmAxDkAAEDKCl20erR1AeAcAAAgXbk3m4RbFwAmAACAdBUat3q0dQFgAgAASJfRLYCdR9tiAgAASFeuI1aPti4ATAAAAOlyOmj3aFsUAABAuoxuAew82havAAAAacpktgdAsi8ATAAAAGlqqCz2tmetHm9aANzw2HlJ05YZAAAw0dCM5eOtJwASUwAAQIKyhi5ZPj+EAsA5AABAegp/zvLxIRQAJgAAgPTkOmX5+BAKABMAAEB6ch23fHwIBYAJAAAgPYa3AEphFAAmAACA9Di9aPt4e0wAAADpcXrG9vH2KAAAgPQ4jdk+3h6vAAAAacnli5H2acsIIRSAcUmldQgAAPqmqTnrCOYFwA2PzUsybUEAAPRT1tCUdQbzAtDFOQAAQDoKf946QigFgHMAAIB0FJqwjhBKAWACAABIR27/uxdKAWACAABIR65j1hFCKQDmTQgAgL4xvgWwEyEMTAAAAOlwet4+QhiYAAAA0uG03z5CGCgAAIA0ZJKcDlrHCKUA8AoAAJCGphaKvW3zG3CDKABueOySpEvWOQAA2GxZQ9PWGaRACkAXUwAAQP01wvgLb0gFgHMAAID6y/1Z6whSWAWACQAAoP4KnbKOIIVVAJgAAADqL4BbAKWwCgATAABA/TkdsY4ghVUAmAAAAOov1wvWEaSwCgATAABA/Tk9ax1BCqsAMAEAANRfprZ1BEkqrANchQLQq623Kfvgf7BOgZqYKwd17rdvt46BgO389H9U/uyT1jHqoSFfjLQvWMeQwioApyUtSMqtgwRvbkrZrt3WKVATfm5ekxcmrWMgYDtuuNk6Qn00NGsd4YpgXgG44bFS0knrHFGYvSjNB3GTJACggqyhYNp2MAWgi4OAvbpMVwKA6BT+vHWEK0IrAJwD6JG/PG4dAQBQVa7T1hGuCK0AMAHoFQUAAOKTh/M7F1oBYALQK14BAEB8ch21jnBFaAUgmGYUPCYAABCfXC9aR7gitALABKBXk0EskwIAVOH0nHWEK0IrAEwAeuR5BQAA8XE6YB3hitAKABOAXvEKAADi4qRipH3IOsYVoRUAJgC9mjwlyVunAAD0qql56whXC6oAuOGxKUnBXJIQtHJempqwTgEA6FHWUFBXuAZVALp4DdArXgMAQDwKXbSOcLUQCwCvAXrEbYAAEJHCn7WOcLUQCwATgF5RAAAgHnlYC+9CLABMAHrFp4AAEI9cx6wjXC3EAsAEoFeTTAAAIBq5DltHuFqIBYAJQK94BQAA8XB6wTrC1UIsAEwAesRtgAAQkYBuAZTCLABMAHrFBAAA4uH0tHWEq4VYAJgA9GrmgjQ/Y50CALCahspib3vSOsbVQiwAE5JmrUNEg4OAABC+Zni/a8EVADc85qWwvpUMGq8BACB4WaHL1hmuF1wB6OI1QI84CAgAESj8OesI1wu1AHAQsFdMAAAgfIVOW0e4XqgFgAlArygAABC+PLzftVALABOAXvEKAADC53TUOsL1Qi0AwTWlUPnJU9YRAACrycO6BVAKtwAwAegVEwAACJ/TQesI1wu1ADAB6NXlU5K8dQoAwEqcxqwjXC/UAsAEoFflnDQd3NclAIArcqkYaQe1CliiANQDrwEAIFwNzVlHWEqQBcANj81KOmOdIxaeTwEBIFhZU1PWGZYSZAHoYgrQKwoAAISr0EXrCEsJuQBwELBXFAAACFfug5xoh1wAmAD0igIAAOEqFOQf0iEXACYAveIQIACEK8BbAKWwCwATgB75ySDLJQBAknIdsY6wlJALABOAXvEKAADCFeAtgFLYBYAJQK+mz0kLs9YpAABLcXrGOsJSQi4ATACqYCkQAIQnk+R0wDrGUkIuAEwAquAgIACEp6Gy2NsOckQbbAFww2PnJE1b54gFtwECQIAamrGOsJxgC0AXrwF6RQEAgOBkDV2yzrCc0AsArwF6xSsAAAhP4YNd1xp6AWAC0CsmAAAQnlzBntAOvQAwAegRZwAAIEC5jltHWE7oBYAJQK+4DRAAwhPoLYBS+AWACUCvmAAAQHicXrSOsJzQCwATgF4tzHZuBAQAhCPQWwCl8AsAE4AqmAIAQFicnraOsJzQCwATgArYCggAAcnli5F2sH8wh14AxiWV1iGiwV0AABCOpuatI6wk6ALghsfmJZ22zhENXgEAQDCyhiatM6wk6ALQxWuAXlEAACAchT9vHWElMRQADgL2igIAAOEoNGEdYSUxFAAmAD3iNkAACEge9u9XDAWACUCvOAQIAOHIdcw6wkpiKABBN6igTJ+TyjnrFAAAKehbAKU4CgATgJ556XKwi6cAIC1Oz1tHWEkMBYAJQBW8BgCAMDjtt46wkhgKABOACvwkEwAAMJdJcjpoHWMlMRQAJgBVMAEAAHtNLRR720HfZBt8AXDDY5ckXbbOEQ0+BQQAc1lDM9YZVhN8AehiCtArCgAA2GvoonWE1VAAasbzCgAA7OX+rHWE1cRSADgI2CsmAABgr1DwJ7JjKQBMAHo1SQEAAHOB3wIoxVMAmAD0an5GmrlgnQIA0uZ0xDrCamIpAEwAquA1AADYyvWCdYTVxFIAmABUwEFAADDm9Kx1hNXEUgCYAFTBBAAAbGVhXwMsxVMAmABUwUFAALBTyBcj7XPWMVYTSwE4JWnBOkQ0eAUAAHaamrWO0IsoCoAbHisl8avWK1YCA4CZrKFJ6wy9iKIAdPEaoEccAgQAQ4U/bx2hF4V1gAo4CNgrDgGumz/woDQ+Zh2jL/LZbbp57i3WMRAw92LwB9rDkuu0dYRexFQAmAD0ampCKuclF9P/9wZm4gX5575qnaIv3ESmwScy6xhAfeRx/F7F9AqACUDPvDTJOYB1GbzZOgGAWOU6ah2hFzEVgCgaVTB4DbA+W26xTgAgVrletI7Qi5gKABOACjgIuE5MAACsldNz1hF6EVMBYAJQBa8A1iXbQgEAsEZOB6wj9CKmAsAEoApeAazPIK8AAKyBk4qR9iHrGL2IqQAwAaiCVwDrwysAAGvR1Lx1hF5FUwDc8NiUpCguVwgCE4D1KQak5jbrFAAikzU0bZ2hV9EUgC5eA/TIUwDWjykAgKoKXbSO0KvYCgCvAXrFK4D14yAggKoKf9Y6Qq9iKwBMAHo1Py3NRlNEg5RxEBBAVXk8i+tiKwBMAKrgNcD6MAEAUFWuY9YRehVbAWACUAHnANaJMwAAqsp12DpCr2IrAEwAqqAArA/XAQOoyukF6wi9iq0AMAGogoOA68MEAEBVkdwCKMVXAJgAVMEEYF0yJgAAqnJ62jpCr2IrAEwAqpikAKwLEwAAVTRUFnvbk9YxehVbAZiQNGsdIhZsBFwnCgCAKppx/T5FVQDc8JiX4vnG0txlNgKuS96UmtutUwCIRFbosnWGKqIqAF28BujV1BmpXLBOETfOAQDoVeHPWUeoIsYCwEHAXvlSmjptnSJuvAYA0KtCUf2BG2MBYAJQBecA1iXjNkAAvcrj+n2KsQAwAaiA2wDXiX0AAHrldNQ6QhUxFoCoGpY5CsD6MAEA0Ks8nlsApTgLABOAKigA68MEAECvnA5aR6gixgLABKAKLgNaHyYAAHrlNGYdoYoYCwATgCqYAKxLxgQAQC+cVIy0o1kFLFEAao/bANeJCQCAXjQ1Zx2hqugKgBsem1XnSmD0ggnA+gzeLCmzTgEgcFlD09YZqoquAHRxDqBXc5PS7CXrFPFyhTSwwzoFgNA1dME6QlUUgBQwBVgfrgMGsJrcn7GOUFWsBYBzABX4SZYCrUfGdcAAVlMour9pxVoAmABUwUHA9eEgIIDVRHYLoBRvAWACUAWvANaHTwEBrCbXEesIVcVaAJgAVEEBWB8mAABWE9ktgJJUWAdYIyYAVfAKYF2yd/yvyu78oHWMTTNTNnTm/9hpHQOBuvEP/5OKn3zHOkb4nJ6xjlBVrAWACUAF/vI4X7KvR+uGzv/UlJ+b18yFSesYCFQ2M2UdIXyZJKcD1jGqivUVABOAKtgHAGCNspNR3W5ro6Gy2NuetY5RVZQFwA2PnZPiu3XJzORpyZfWKQBEyJ0+bh0hfA3NWEdYiygLQBdTgF75slMCAKCCXJJK/vKwmqyhy9YZ1iLmAsA5gCp4DQCgIucXrCPEofBnrSOsBQUgEZ5PAQFUlM9Ht+DORq4or1uNuQDwCqAKPgUEUJGb5ahVT3JFeVAi5gLABKAKJgAAKnJTUb7a7r8IbwGU4i4ATACqoAAAqMhNsUq8J04vWkdYi5gLABOAKigAACpyF89ZR4hDhLcASnEXACYAFXi+AgBQUX5+wjpCHJyeto6wFjEXACYAVTABAFBRdjbKw+39lcsXI+0o/4CNuQCMS+KGil7NXpLmuO8dQO/yiSh/1/qrqXnrCGsVbQFww2PzkrjergqmAAAqcKei/Lqtr7KGov2bVbQFoItzABV47gIAUEE2/op1hPAV/oJ1hLWKvQBwDqAKJgAAepRJcmf4S8OqCp2xjrBWFICUTHKgB0BvnMQioF7k8f4OxV4AeAVQBa8AAPTIlSwC6kmuY9YR1ir2AhBt8zLBKwAAPcrnZ60jxCHSWwCl+AsAE4AK2AgIoFcsAuqR0/PWEdYq9gLABKAKXgEA6JGbZhFQT5z2W0dYq9gLABOAKqZOS55DPQBWl1++aB0hfJkkp4PWMdYq9gLABKCKckGa4m5vAKtzl85bRwhfUwvF3na0f6uKugC44bFLkphTVcE5AAA9cBei/by9b7KGZqwzrEfUBaCLKUAF3AYIoBdugpvWV9VQ1O9J6lAAOAdQBWuBAfTATfCXhVXl/px1hPWoQwFgAlAFrwAA9MCNswhoVYWi/gOVApAaXgEA6EE2ftQ6QvgivgVQqkcB4BVAFUwAAKyiswiIPytW5XTEOsJ61KEAMAGowF9mIRCAlTl56whxyPWCdYT1qEMBYAJQBa8AAKwiZxFQb5yetY6wHnUoAEwAqpi9KM1zxzeA5bn5OesIccjivQZYqkcBYAJQFVMAACtwM1PWEcJXyBcjbT4DNHZKEvOqCtgKCGAlOYuAVtdU9PuSoy8AbnislOL+FrPvKAAAVuAmo77gri+yhiatM6xX9AWgi3MAVfAKAMAK3MWoJ9v9UfjotyXVpQBwDqCKST4FBLA8d56toavKFf22pLoUACYAVfAKAMAK3Fn+krCqPP7fHQpAgtgICGAl7gx/RqwqV/R3JdelAPAKoAomAABW4E6xCGhVuV60jrBedSkATACqmDwlcdUngGW4E9H/5XbzOT1nHWG96lIAmABUUc5LUxzyAfB6maTs3GnrGOFzOmAdYb3qUgCYAFTFawAAS2ARUA+cVIy0D1nHWK+6FAAmABVxGyCApbAIqAdNzVtH2Ai1KABueGxKUvSXMvQVBQDAEtxc9DfcbrqsoVpsVKtFAehiClAFnwICWIKbZRHQqgpdso6wEepUADgHUMUkEwAAr5dPsQhoVYWvxSnqOhUAJgBV8AoAwBLcZRYBrSqvxwK6OhUAJgAVcBsggKWwCKgHuV6xjrARKACpYgIAYAnuQvQ7bjZfrsPWETZCnQoArwCqmLkgzc9YpwAQGBYB9cDpBesIG6FOBYAJQFUcBARwHXea14OrqsEtgFK9CgATgKp4DQDgOm78mHWE8Dk9bR1hI9SpADABqIiDgACu58Zrcb5t8zRUFnvbk9YxNkKdCsCEpDnrEFFhAgDgKpmk7HwtPnHfPE3V5qrE2hQANzzmxWuAaigAAK7CIqDVZYVqc1NSbQpAFwWgCg4BArhKXtZix83mKnxt9s7UrQBwDqACNgICuBqLgHpQqDbfSdatADABqIJDgACuks/UYsnd5srr8ztTtwLABKCKy6ck3vkB6HLTtVhyt7mcXraOsFEoACkr56Rp7v0G0OEusQhoVXk9bgGU6lcAajOa6RteAwDocpfOWkcIn9NB6wgbpW4FgAlARRwEBHBFfo47AFblNGYdYaPUrQAwAaiKAgCgK5vgz4MVOakYadfmrmQKQOooAAC63AR/hK6oWa/bZmtVANzw2Kw6VwKjVxQAAF35+HHrCEHLGqrVd5K1KgBdnAOogkOAALqyE7X5wm1zNHTBOsJGqmMBYIZVgec6YADqLgK6VKvft42X+1pNmOtYAJgAVMErAACSci4FW12hWo1M61gAmABUMX1OWuD+byB1boFFQKtyqs0XAFI9CwATgKoma7PbAsAa5fP8RWBVuV6yjrCRKADgICAAuZkp6wjhq9EtgFI9CwCvACriNkAAbopFQKtyesY6wkaqYwFgAlAVBQBInuMLgJVlkpwOWMfYSHUsAEwAquIVAJA8d5HNoCtqqCz2tmt1UKJ2BcANj52T6nVb06ZjAgAkLz9/2jpC2BqasY6w0WpXALqYAlTAGQAA2QRfA60ka+iydYaNVlgH2CSvStplHSIaZ56V/+t/bZ0CRorpLbr1wp3WMdbt/D/4Hc3mDesY0cpP8/emFRX+rHWEjVbXAsB/k6uYm5Q/+n3rFDCSTWQaeCKzjrFu2a//c+sIUXOnWAS0oly1e0dS11cAfAkAJKbMc+sIUctOHLWOELa8XrcASvUtAEwAgMSUWV3/ONt8maRs8qJ1jLDlql1Dquu/MUwAgMSUiv81hhUWAfXA6QXrCBuNAgAgfkXBT9g6sAioBzW7BVCqbwHgFQCQkPKm26wjRC2fq90n7hvP6WnrCButrgWACQCQEH/jrdYRosYioFXk8sVIu3YXptS1AIxLKq1DAOgPv/Nm6whRYxHQKpqq5TuSWhYANzw2L9Xvm00ASyt33GgdIWosAlpZ1tCkdYbNUMsC0MU5ACARFID1yS/W7pK7jVX4WjakOhcAzgEAqdh2g3WCqLlzZ6wjhK1QLf8B1bkAMAEAElFu22EdIWrZ2dqdb9tYuWq5M73OBYAJAJCIcss26whRYxHQKmp4C6BU7wLAf6OBRPjBrdYRoubGa3fN/cZyesk6wmaocwFgAgAkomxtsY4QNRYBrcLpoHWEzUABABC9sjloHSFaTlI2Xcuv3DaO037rCJuhzgWAVwBAInxzwDpCtBx3pq0sExOACDEBABJRFk3rCNHKWQS0sqYWir3tWrak2hYANzx2SdJl6xwANl9ZNKwjRMuxCGhFWUO1/QdU2wLQxRQASIB3uXWEaLlpFgGtqKGL1hE2S90LAOcAgASUWd3/KNs8LAJaRe7PWUfYLHX/t4YJAJCAWr6g7RMWAa2iUG2vSax7AWACANScbw3KW4eIGIuAVpHruHWEzVL3AsAEAKg5f9MbrCNEjUVAq3A6bB1hs9S9ADABAGrO33CLdYSouYla7rnZOE6HrCNslroXACYAQM2VO2+yjhA1d5o/JleU6xnrCJuFAgAgap4CsC7ZeG1fcW+MrJ7XAEv1LwC8AgBqzm+/wTpC1ByLgJZXyBcjbT4DjNQpSQvWIQBsnnL7TusI0XKSstlp6xjhamrWOsJmqnUBcMNjpVTfbzgBSOWWHdYRouU8NyisJGuo1msSa10AujgHANSY37LNOkK0WAS0isKft46wmVIoAJwDAGqsHNxqHSFaLAJaRa5aX5KQQgFgAgDUmB8YtI4QLTdd6wn3+uX1/v1IoQAwAQBqrKQArFnOIqCV5XrFOsJmSqEA1LrBAanzjQHrCNFyl2r9inv98vreAihJhXWAPqAArCD7uX+s7AP/3jpGtPwrP5T/239rHSNpZdGwjhAtd4FFQCtyes46wmZKoQDwCmAleVNqcop6zRpbrBMkryxS+GNsc7hzp60jhM3pgHWEzcQrAABRK7PcOkK03NlT1hHC5aRipF3rVwApFAAmAECNlVkKf4xtDhYBraCp2l+SUPt/c9zw2JQkTroANeWtA0QsGz9mHSFYWUO1vyO59gWgiykAUEN++04KwDrkLAJaXqHafyOZSgFgzgXUUHnDrdYRouUySXO13nWzPoWfsI6w2VIpAEwAgDq64WbrBNFyJYuAVpTXf5FcKgWACQBQQ+UNt1hHiFa+MGcdIWw1vwVQSqcAMAEAaqjccaN1hGixCGgVuY5YR9hsqRQAJgBADfntN1hHiFbOIqCVOT1vHWGzUQAARMtv22kdIVpusvaH3Nen5rcASukUAF4BADVUbt1uHSFaLAJahdPT1hE2WyoFgAkAUEPlIHss1opFQCtoqCz2tmv/jiSVAjAhiSOvQM34FsuY1sqdZxHQsppK4oKEJAqAGx7z4jUAUDslBWDN3Jnaf+a+Zlmhy9YZ+iGJAtBFAQBqxjdb1hGixSKgFRQ+iQMSKRUA/tsO1EzZbFpHiJY7Wft7btauUBJ7klMqAEwAgJop84Z1hGi5cQrAsvI0fi9SKgBMAICa8XlhHSFKTpLma7/ufu2cXraO0A8pFYAkGh2QktLl1hGilHsWAa0o14vWEfohpQLABAComTLLrCNEybEIaGVOz1pH6AcKAIA4OafSW4eIk5udto4QNqcx6wj9kFIB4BUAUCN+x03WEaLFIqAVOKkYaR+zjtEPKZ2goQBgw2W3/YL0vn8rf/gR6eQ+iXerm85v26mZf/g7mnzvx6yjRItFQCtopnNrbDIFwA2PzZajQxOS+GsDNs7ATmXv+pfK3vUvpakJ+SPflQ5/W/7YD6V59q1vFH/DLZr5jd/V5Lvv09T2m8Tkf33c5STuuVmTrKFk3o8kUwC6XhUFAJtl8CZl7/hN6R2/qWx+Wv6Vxzpl4Mij0jSLV6oqb/kZzfyjf6Gpd31QU1t38qO/gdz5CesI4WrognWEfkmtAJyQdI91CCSgaCnbtUfatUeZL6UTT8kf/rb8kUek80l8Yrwm5Rvv1PRv/AtNDb1f04Pb+dHfJPk5FgEtK/fJtKPUCgBfAqD/Mie98d3K3vhuZe//d9LZQ/KHH+mcGxgfkxL/mVu4822a+Y3f1dQ992p6YGvi/zT6Iztz0jpCuAol8w8ntQLAQUDYu/Gtym58q7L/5V9Jk6euOjfwuLSQxBZSlW95p6b+4e9q6h3v0XRz0DpOcnIWAS3PKYkvAKT0CgD/rUdYttyq7J2/Jb3zt5TNTcof/YF05JHOuYGZeh3UWvi5d2n6E7+jybf/kmaKAes4SctOJvMbV12ul6wj9EtqBYAJAMLV2KLsLR+X3vJxZeWC/ImfSldeFVyM8w/shaH3aurX/3dNvXVIMyzuCYYbP24dIVxOz1tH6JfUCgATAMTB5cpuv1e6/V5lH/j30pmD8kcekT/8benUAet0K5p/94c1/ff/iSbf/POadan9ERM+J0kli4CW5RT2v2AbKLV/OykAiNPNb1d289uVvXtYunyyMxU4/Ij88R9Lpf29JfPv+7imPvZbmrz75zSXsaAnZLlfsI4QrkwUgBrjFQDit/UNyu75p9I9/1TZ7CX5o9/vlIGXH5Vm+3TDW5Zp7kOf0NSe39TUHW/TXJbSreJxc/P2hTFYDZXF3nYaJ3GVWAFww2PnytGhaUkt6yzAhmhuU/bWX5Pe+mvKynn5V3/S+aLg8CPSpQ3uuy7X7J5/rOn7/pEm3/hmzYtNfDFiEdAKGkrq+s6kCkDXCUm7rEMAG84Vyu54n3TH+5T9yv8pnX6mc/nQ4UekM8+t7T+zaGj24/+bpj70CU3edqcW+NGPXj4zZR0hWFlDl60z9FOKBeBVUQCQglveqeyWdyr75X8jXTzeuYXw8COdKUG5wnvgxoBmfv2fafoDv6bJW+/QAjfz1Iq7fNE6QrgKn9Sd3SkWAM4BID3bb1f2C78t/cJvK5u5IP/y9zqvCo7+QNKk/OBWzX7in2vqvR/T5E0/o/LKjz4//rXjLp2zjhCuXEndkZxiAeBLAKRtYIeyn/2E9LOfUFbOaebE8zrRehM/+onILyT1l9xq8nRuAZS6n4QmhgkAcIVryN/69sUff9SeO3vKOkK4ch21jtBPKRYAJgAAkpVNjFtHCJfTC9YR+inFAsAEAECy8lNcA7wspzV+LhOnHKfFHgAAFXNJREFUFAsAEwAAyWIR0Aqcxqwj9BMFAAAS4k4zAVhSLl+MtJN6P5JiARgX55wBJCiXpLK0jhGmppLbkJRcAXDDY/OSOAYLIDmORUDLyhqatM7Qb8kVgC4OAgJITs4ioOUV/oJ1hH5LtQBwDgBAclgEtIJCZ6wj9FuqBYAJAIDkuKmkdt1Uk+ukdYR+S7UAMAEAkJx8kkVAy0rsFkAp3QLABABAcrJL560jhMvpJesI/ZZqAWACACA5+fkJ6wjhcjpoHaHfUi0ATAAAJCc7l9S222qcDlhH6LdUCwATAADJyc8kd86tN5kkp2etY/QbBQAAEuFYBLS0phaKve3krkhMsgC44bFLkvgeBkBSspPJHXTvSdbQjHUGC0kWgC6mAACSkUlyE0ntuuldQ0l+H5lyAeAgIIBkOIlFQMvJ/TnrCBZSLgBMAAAkw5UsAlpWoSRHIykXACYAAJKRz89aRwhXriRPR6ZcAJgAAEgGi4BW4HTYOoKFlAsAEwAAyXDTfPi0LKdD1hEspFwAmAAASEZ+OcmD7r3J9Yx1BAspFwAmAACS4VgEtLxM+60jWEi5ADABAJAMd+GMdYQwFfLFSJvPABNzShLfxQBIgptgEdCSmkr284hkC4AbHiulNL/9BJAed4a3nkvJGpq0zmAl2QLQxWsAAElgEdAyCp/s4YjUCwCVGEASsvFj1hHClCvZwxGpFwAmAABqL5Pkzpy0jhGmPN3fgdQLABMAALXn5K0jhCvXK9YRrKReAJJtfgDSkbMIaHl5mrcAShQAJgAAas+xCGh5Ts9bR7CSegFgAgCg9twMi4CW5dK8BVCiADABAFB7+XSyn7qvzEnFSJtXAIliAgCg9tzkBesIYWpq3jqCpaQLgBsem5KU7CUQANLgLiZ51f2qsoaSfjeSdAHo4jUAgFpz55O962ZlhS5ZR7BEAeA1AICacxOnrCOEqfAT1hEsUQCYAACoOTfB3rMl5WkvhKMAJD4B8C8/Kv/TT0tnnrWOAmCTsAhoGQnfAihJhXWAAKQ9Abh0Qv4nn5L/yaek7bcr27VH2rVb2c+8R3K5dToAG8CdOGodIUy5jlhHsEQBSHwCcI2Lx+XH/kwa+zP5gZ3K7v6wtGuPsjt/RSoGrdMBWINMUnbutHWMMCV8C6BEAZBSnwAsZ+a8/MG/kg7+lXw+oOxN7+uUgbs/Ig3eZJ0OQI9YBLQCp6TffVIAmACsbmFG/sh3pSPflc+c9IZ3Kdu1R9mu3dLOu63TAVgBi4BW4DRmHcESBYAJQDW+lE48KX/iSfkf3S/d+Fa9VgZu+wV1Bo4AQjAwN62tT33POkaYGvLF3nbSdyRTAKQzkuYkNayDROnsIfmzh+Sf/ENp623K7t7dOUR4x72S4x8p0E9O0uD5cbXaP9TA33xBbjzpQ+4ra2rGOoK1zHveD5WjQy9LutM6R600tym784OdcwN3fUhqbrNOhGVMz83r1QtJ/0Uoas2FOQ0ePajWDx5S47tfk8qkr7fvWbZTZ4o/2XeLdQ5LTAA6TogCsLFmL8kfekg69JC8ayi7/e9Jb97TmRBsvc06HRAtl0mti2fVOvBjDXzjC8qPJH2Qfe0Kn/weGApABwcBN1M5J//KY9Irj8l/7/+Wbr1H2Zv3KNu1R7rxrdbpgOA1/IIGj7+kgcf/Vs2Hv6xsNukdNhujUPL3I1MAOjgI2DdeOrVf/tR++Sf+s7TzLr12iPANvyRlXE4JZJJaUxfVOviUWg//pfJnnrSOVD85f+5TADqYAFg5/7L8vj+R3/cn0uBNnXsGdu1W9qb3S/mAdTqgbwp5DY4f1cBPHtHAN7+o7NIF60j15vSydQRrFICO5JtgEKYm5J/9svTsl+WLwc4NhLt2K7v7Pmlgp3U6YENlkgZmp9Q6NKbWI19R8Xd8rtdXuV60jmCNAtDBBCA081PyLz0svfSwfOaUvfE9nS8Kdu2Rtt9unQ5Yk1xegxMn1Nr3AzUf+gu5M0kvo7OV+C2AEgXgCiYAIfOl/PEfS8d/LP/Y/yvd/HPKdu1R9uY90s3vsE4HrGhgfkatI8+p9b2vqfHYN6SytI4ESXJ62jqCNe4BkFSODt0lpb0VKlrbb1+8fOiNv8wGwzXgHoCN5SQNXjit1v7HNfDQF+SOH7aOhOs5qfHf9yV/bSkTgA4mALG6eFx+/59L+/9cfmBH57zA3buV3fVBNhiib5rlvFrHDqn12ENqPvJVaX7OOhJW0hS3JYkJwGvK0aEzklhzVxevbTDc3ZkQsMFwWUwAqssktS6f1+CzP1Xrm1+UO5T8NDkq2XZdLD63b4d1DmtMABa9KgpAfVyzwfA/Sbf94uLlQ2wwxBoUvtTgiSNqPfEtNR/+krKpy9aRsFYN8Y2lKABXOyHpHusQ2AS+lE4+JX/yKfkfPSDd+BZlV74oYIMhlpFJak1fVuv5fWp9+8vKxx63joSNkvsJ6wghoAAs4lPAVJx9Uf7si/JP/lF3g+FHuhsM38sGw8Tl8ho8fUyDf/eomt94UNl5fidqqdBJ6wghoAAs4iBgii6Pyx/4onTgi/KvbTDcreyuD7PBMBEDc9MafPFptR79KxWPf8s6DvrB6Zh1hBBQABYxAUjdNRsMC2W339spA7v2sMGwRnJJrXPjGmz/QM2HHpQb57cgObleso4QAgrAIiYAWFTOL24w/P7/I93683rt8qEb32adDhU1F+Y0+PJBtX7wN2o8+nWp5CuwpDmxQ1kUgKsxAcAyvHTqaflTT8v/+L9IO+7Ua2WADYZBcpJaFyfUOvBjDXzjC8pffsE6EkLidMA6QggoAIuYAKA3F47Ktz8r3/6s1LpR2a6PdPYU3PF+qWCDoZVGuaDB4y9q4PG/VfNbX1Y2O2MdCSHKRAHo4iKgrnJ06AZJZ61zIGJFa3GD4V33Sa0brBP1JNaLgDJJramLaj33pFrf/KLyg/usIyEGTZWNB/dxZ7goANcoR4emJLWsc6AGXttguFvZro8GvcEwpgJQqNTgyaMa+Ml3NPCNLyqb5D4XVLRVU40/27fFOkYIeAVwrROSdlmHQA1cs8Hw/+tuMOx+UXDLO63TRSOTNDAzqdahMbUe+YqKJ79vHQmRyxriCscuCsC1XhUFAJvhzHPyZ56T/+kfSNveqGzX7s65ATYYvk4ur8GJE2o9+T01v/Gg3MS4dSTUSeF51dtFAbgWBwGx+S69Kr//89L+z3c2GN714U4ZuPNXpEaak8mB+Rm1Dj+r1ve+psYPvymVpXUk1FWu09YRQkEBuBafAqK/Zi7IP/816fmvyedNZXd0Nxju2i0N3mydbtM4SYPnT6u1/0caeOgLcq8esY6EVOTcAngFBeBaTABgZ2FW/uVHpZcflf/e/9XZYLhrt7I3f7QWGwyb5bxar7yg1mMPqfmdr0rzXMYDA7mOWkcIBQXgWkwAEIarNxg+/nudDYZ37+5cPnTbkGLYYJhJal0+p8FnfqrWNx+Ue/EZ60iA5MStUF0UgGsxAUCYrmwwfOoz0pZbtXj5UFgbDBt+Qa0TR9R6/GE1H/7vyqbj+LwQCXF6zjpCKCgA12ICgPBNnpI/8JfSgb+Ub2xVdtcHO2XAYINhJqk1fUmt5/ep9a0vK9//RF+fD1TmNGYdIRRcBHSVcnToDkmvWOcA1sQVym7/e1dtMHxDT/9nVS8CyuU1eOqYWn/3XQ1840FlF/iqCpHI5Rtf2sfyji4KwFXK0aFC0qxieMEKrObWe5RduYnwpuU3GPZSAAZmpzT40gG1vvNVFT9+ZGNzAv0yqLnG5/c1rWOEggJwnXJ0aFzSrdY5gA214069VgZ+5toNhksVgFxS6+xJDe57TM2H/kLuNG/HEL9sh84Xn90Xx5KOPuAMwOu9KgoA6ubCUfn25+Tbn+tsMLz7vs65gTd9QJ2fe6m5MKvBIwfV+v7X1fj+30jlgm1mYKMVnuURV6EAvN6rkn7ROgSwaabPyj/3Fem5r8gXLRU73683PvqK8qOHrJMBm6vQGesIIaEAvB6fAiId89PKnv+O8qMce0ECcp20jhASTkO+Hi87AaCOuAXwGhSA12MCAAB15PSSdYSQUABejwkAANSR00HrCCGhALweEwAAqCOnA9YRQkIBeD0mAABQN5mYAFyHAvB6TAAAoG6aWij2ttlBfRUKwHXc8NhFSZetcwAANk7W0Ix1htBQAJbGFAAA6qTQJesIoaEALI1zAABQJ4VnbeV1KABLowAAQJ0UGreOEBoKwNJ4BQAAdZLruHWE0FAAlsYEAADqxOmwdYTQUACWxgQAAOrEiXWX16EALI0JAADUSa5nrCOEhgKwNCYAAFAnmfZbRwgNBWBpTAAAoC4K+WKkfc46RmgoAEs7JWnBOgQAYAM0NWcdIUQUgCW44bFS4ptRAKiDrMH17kuhACyPcwAAUAeFv2AdIUQUgOVxDgAA6iDXaesIIaIALI8CAAB1kPPn+VIoAMvjFQAA1EGuV6wjhIgCsDwaIwDUQc4tgEuhACyPCQAA1IHT89YRQkQBWB4TAACoA8ctgEuhACyPCQAAxM5JxUibVwBLoAAsjwkAAMSuqXnrCKGiACzDDY9NSeLyCACIWNbQjHWGUFEAVsYUAABiVuiidYRQUQBW9scSO6QBIEbZNk1qq/8f1jlClXnvrTMErxwdepOkj3f/52OSbrVNBGwcP5GpfCKzjgGs34AWsu3+JbX0kJr6/eL+9rPWkUJGAaioHB3KJP2SFgvBByW1TEMB60ABQLSclO3QGW3xP9CA/lvxQPsr1pFiQgFYp3J0aFDSh9QpA78qaUgSf5oiGhQARGWrprOtfr9a+pIaGi1G2uesI8WKArDBytGhN6jzmuBXu//7dttEwMooAAhaQ2W2w7+sQT3cHes/ZR2pLigAm6wcHbpHnTLwcUn3Sdpimwi4FgUAQXFStl1ntcU/oQF9ToW+UOxtl9ax6ogC0Efl6FBT0q9o8fzAu8WXGDBGAYC5LZrNtvln1NJX1NCnipH2uHWkFFAADJWjQzdL+qgWC8HdtomQIgoA+q4hn23XMQ36b2tAny7ub//IOlKKKAABKUeH3q7FMrBb0g7bREgBBQCbLpOy7bqgLf4naunPVehzxd42V/QaowAEqhwdKiS9V4tfF9wrKTcNhVqiAGBTtDSXbffPq6X/qaY+WYy0j1lHwrUoAJEoR4d2qjMVuHKg8G22iVAXFABsiEI+266T2uK/q6ZGiwfaj1hHwsooAJEqR4d2abEMfFTSjaaBEC0KANYkk7Jtuqyt/kkN6Atq6DPF3va0dSz0jgJQA+XokJP0y1o8P/ABSQ3TUIgGBQA961y1e0iD+uvuWP+QdSSsHQWghsrRoa2SPqLFQvDzpoEQNAoAlpVL2Xad0hb/fQ3oM8UD7a9bR8LGoQAkoBwdukPXLjO6zTYRQkIBwDW2airb5veppS+p0B8WI+0L1pGwOSgAiekuM3qXFr8uYJlR4igAiWuqzLb7wxrUN9TUJ4v72wesI6E/KACJK0eHWuosM7pyoPAXxTKjpFAAEtO5andCW/wPNaA/KX6v/SXrSLBBAcA1ytGh27T4uuDjYplR7VEAErBFM9k2/7Ra+h/dq3YnrCPBHgUAK+ouM7pSBu6TtNU2ETYaBaCGGiqz7f4VbdHDaupTxf3tn1pHQngoAOhZd5nRB7RYCN4jlhlFjwJQA52rds9rq39CA/pTFfoLrtrFaigAWLNydOgmLS4z+lWxzChKFIBIDWou2+af0aD+pxr6ZDHSPmkdCXGhAGDDlKNDP6vFMsAyo0hQACJRyGc79Gp3g95ocX/7+9aREDcKADZFd5nRvVr8uuBeSYVpKCyJAhCozlW7F7XV/50G9Odq6LPF3vasdSzUBwUAfVGODu2QtEeL5wd+1jYRrqAABKSl+e4Gva93r9o9Yh0J9UUBgInuMqMrZeCjkm4yDZQwCoChXD7boXEN+kc1oD8qHmh/0zoS0kEBgLnuMqP3aPH8wPslNU1DJYQC0F/ZNk1qq39KLT2ohv6o2NuetM6ENFEAEJzuMqP7tFgIWGa0iSgAm6yzQe8ltfQ3GtAni5H2QetIgEQBQAS6y4w+pk4ZYJnRBqMAbDAnZTt0Wlv8YxrQHxcPtL9qHQlYCgUAUekuM/pFLX5d8CGxzGhdKAAbYKums21+TAP6khr6r8VI+5x1JGA1FABE7aplRlcOFL5LLDOqhAKwBp0Nei9rUN9UU79f3N9uW0cCqqIAoFa6y4w+psVCcIdtovBRAHrQ2aB3Vlv8j7pX7T5Y7G2X1rGA9aAAoNbK0aGf1+JhQpYZLYECsIwtms22+QNq6Stq6NPFSHvcOhKwkSgASEZ3mdH7tVgIWGYkCsBrGvLZdh3ToP+WBvTp4v7249aRgM1EAUCyusuM9mjxQOEu00BGki0AnQ16F7TF/0Qt/ZkK/Skb9JASCgDQVY4OvU2LZWC3pJ22ifojqQLQ2aB3UC39Vfeq3WPWkQArFABgCeXoUC7pvVo8TPhe1XSZUa0LQCGfbdcJbfHfVVN/UDzQ/q51JCAUFACgB91lRru1eH6gNsuMalUAOhv0Lmmrf1ID+oIa+uNib3vaOhYQIgoAsAbl6NDdWiwDUS8zir4AtDSfbfOHNKi/VlO/X4y0D1lHAmJAAQDWqbvM6N1aLAQfUETLjKIrALmUbdcpbfHf04A+UzzQ/mvrSECMKADABusuM/qwFg8U3mObaGVRFIBtmsq2+n1q6Ytq6A+Lve1L1pGA2FEAgE1Wjg7drsXDhB+T9AbbRNcKsgB0rtp9qXvV7ieL+9sHrCMBdUMBAProqmVGVwrBhyQNWmYKogB0rto9oy3+hxrQZ4vfa3/JNhBQfxQAwFB3mdEHtXh+oO/LjMwKwFZNZ1v902rpy2roD4qR9kT/QwDpogAAASlHh25V5zXBlfMDm77MqG8FoKEy2+GPalAPdzfoPbn5DwWwHAoAELBydOidWiwD90nattHP2LQC0Llq95y2+ie6G/Q+zwY9IBwUACAS5ehQQ51lRlcKwS9rA5YZbWgBGNRsts0/q0F9RQ19qhhpn9yY/2AAG40CAESqHB26UZ1LiK4cKHzzWv5z1lUACvlsh45r0D/S3aD32Nr+gwD0GwUAqInuMqMrZWCPelxmVKkAdK7avait/qca0OfV0GeLve3ZtWYGYIcCANRQd5nRvVr8umDZZUarFoCW5rPt/qBa+rqa+i/FSPvoJkQG0GcUACAB3WVGH9Hi+YG3X/l/e10ByOWzHTqpQf+oBvRHxQPtv+1zXAB9QAEAElSODt2lbhnwE9mv+gNZQ1v9U2rpQTX0mWJve9I6I4DN9f8Dzce129tsb4AAAAAASUVORK5CYII=\" alt=\"\" width=\"318\" height=\"318\" /></strong></span></p>\r\n<p><span style=\"color: #01f82a;\"><strong>fdgfdgdfgdfdg</strong></span></p>\r\n<p><span style=\"color: #01f82a;\"><strong>fhfghgfhfghgfhgff</strong></span></p>', 'No', 9, '2021-02-13 01:58:38', '2021-02-13 01:58:38'),
(26, '2021-02-12', 'prueba 1eqww', 'prueba-1eqww', 'blog/post/imagenes/imagen_20210212193126.jpg', '<p>as das das dasd</p>', 'No', 9, '2021-02-13 05:31:26', '2021-02-13 05:31:26'),
(27, '2021-02-12', 'as das', 'as-das', 'blog/post/imagenes/imagen_20210212193202.png', '<p>a sd asdas dasd</p>', 'No', 9, '2021-02-13 05:32:02', '2021-02-13 05:32:02');

-- --------------------------------------------------------

--
-- Estructura de tabla para la tabla `roles`
--

CREATE TABLE `roles` (
  `id` bigint(20) UNSIGNED NOT NULL,
  `name` varchar(255) COLLATE utf8_unicode_ci NOT NULL,
  `guard_name` varchar(255) COLLATE utf8_unicode_ci NOT NULL,
  `created_at` timestamp NULL DEFAULT NULL,
  `updated_at` timestamp NULL DEFAULT NULL
) ENGINE=InnoDB DEFAULT CHARSET=utf8 COLLATE=utf8_unicode_ci;

--
-- Volcado de datos para la tabla `roles`
--

INSERT INTO `roles` (`id`, `name`, `guard_name`, `created_at`, `updated_at`) VALUES
(1, 'admin', 'web', '2020-06-12 22:07:37', '2020-06-12 22:07:37'),
(2, 'general', 'web', '2020-06-12 22:07:43', '2020-06-12 22:07:43');

-- --------------------------------------------------------

--
-- Estructura de tabla para la tabla `role_has_permissions`
--

CREATE TABLE `role_has_permissions` (
  `permission_id` bigint(20) UNSIGNED NOT NULL,
  `role_id` bigint(20) UNSIGNED NOT NULL
) ENGINE=InnoDB DEFAULT CHARSET=utf8 COLLATE=utf8_unicode_ci;

--
-- Volcado de datos para la tabla `role_has_permissions`
--

INSERT INTO `role_has_permissions` (`permission_id`, `role_id`) VALUES
(1, 1);

-- --------------------------------------------------------

--
-- Estructura de tabla para la tabla `users`
--

CREATE TABLE `users` (
  `id` bigint(20) UNSIGNED NOT NULL,
  `name` varchar(255) COLLATE utf8_unicode_ci NOT NULL,
  `identificacion` bigint(20) NOT NULL,
  `email` varchar(255) COLLATE utf8_unicode_ci DEFAULT NULL,
  `estado` enum('Activo','Inactivo') COLLATE utf8_unicode_ci NOT NULL,
  `email_verified_at` timestamp NULL DEFAULT NULL,
  `password` varchar(255) COLLATE utf8_unicode_ci NOT NULL,
  `remember_token` varchar(100) COLLATE utf8_unicode_ci DEFAULT NULL,
  `created_at` timestamp NULL DEFAULT NULL,
  `updated_at` timestamp NULL DEFAULT NULL
) ENGINE=InnoDB DEFAULT CHARSET=utf8 COLLATE=utf8_unicode_ci;

--
-- Volcado de datos para la tabla `users`
--

INSERT INTO `users` (`id`, `name`, `identificacion`, `email`, `estado`, `email_verified_at`, `password`, `remember_token`, `created_at`, `updated_at`) VALUES
(1, 'Leiner Ortega Ojeda', 1081420457, 'leicortega@gmail.com', 'Activo', NULL, '$2y$10$zR18CWYOeQI/rAWJZDG6S.SWEU817nftzP1rnhrxZZUgWyqva7qmi', NULL, '2020-06-12 21:58:37', '2020-11-14 18:43:06'),
(3, 'Prueba 01 Ojeda', 123456789, 'leicortega@gmail.com', 'Inactivo', NULL, '$2y$10$NSCjEKrbOteh8VhfM.bqoOHHZRWXdK4dBQi9p4b0xApRkiF7.qeZ2', NULL, '2020-07-16 00:58:43', '2021-02-06 20:13:29'),
(4, 'Prueba 02', 10814204571, 'leicortega@gmail.com', 'Activo', NULL, '$2y$10$rCXPoIFDsVwA7DXGYXojGeNp811YD8tPLFqh3pGegIrITVj2pdqty', NULL, '2020-11-14 01:02:06', '2020-11-14 01:04:00'),
(5, 'sadasd a asd asd asdasd asd', 1231231213, 'asdas@sd.ms', 'Activo', NULL, '$2y$10$B7cZFibuvrOn26Rsn9O44.Jmy0fyfW4sq17mypF/orn8/ndjZ3LsK', NULL, '2020-11-14 19:48:16', '2020-11-14 19:48:16'),
(9, 'Oscar Daniel Ruiz Urrea', 1007179691, NULL, 'Activo', NULL, '$2y$10$DhQPK2ZFzyUom/.WilMzeeayupGGJvVgXeSTbqFgp5Ty/79xPrLiW', NULL, '2021-02-06 01:09:58', '2021-02-06 01:09:58'),
(11, 'sofia ramirez', 1006069686, NULL, 'Activo', NULL, '$2y$10$cigTeINezCIi8UJ/b7dlYe2OgrK57h0ughrI6ydrTFeeclUeyVYtS', NULL, '2021-02-15 23:23:05', '2021-02-15 23:23:05');

--
-- Índices para tablas volcadas
--

--
-- Indices de la tabla `comments`
--
ALTER TABLE `comments`
  ADD PRIMARY KEY (`id`),
  ADD KEY `comments_posts_id_foreign` (`posts_id`);

--
-- Indices de la tabla `failed_jobs`
--
ALTER TABLE `failed_jobs`
  ADD PRIMARY KEY (`id`);

--
-- Indices de la tabla `media_posts`
--
ALTER TABLE `media_posts`
  ADD PRIMARY KEY (`id`),
  ADD KEY `media_posts_posts_id_foreign` (`posts_id`);

--
-- Indices de la tabla `migrations`
--
ALTER TABLE `migrations`
  ADD PRIMARY KEY (`id`);

--
-- Indices de la tabla `model_has_permissions`
--
ALTER TABLE `model_has_permissions`
  ADD PRIMARY KEY (`permission_id`,`model_id`,`model_type`),
  ADD KEY `model_has_permissions_model_id_model_type_index` (`model_id`,`model_type`);

--
-- Indices de la tabla `model_has_roles`
--
ALTER TABLE `model_has_roles`
  ADD PRIMARY KEY (`role_id`,`model_id`,`model_type`),
  ADD KEY `model_has_roles_model_id_model_type_index` (`model_id`,`model_type`);

--
-- Indices de la tabla `password_resets`
--
ALTER TABLE `password_resets`
  ADD KEY `password_resets_email_index` (`email`);

--
-- Indices de la tabla `permissions`
--
ALTER TABLE `permissions`
  ADD PRIMARY KEY (`id`);

--
-- Indices de la tabla `posts`
--
ALTER TABLE `posts`
  ADD PRIMARY KEY (`id`),
  ADD KEY `posts_users_id_foreign` (`users_id`);

--
-- Indices de la tabla `roles`
--
ALTER TABLE `roles`
  ADD PRIMARY KEY (`id`);

--
-- Indices de la tabla `role_has_permissions`
--
ALTER TABLE `role_has_permissions`
  ADD PRIMARY KEY (`permission_id`,`role_id`),
  ADD KEY `role_has_permissions_role_id_foreign` (`role_id`);

--
-- Indices de la tabla `users`
--
ALTER TABLE `users`
  ADD PRIMARY KEY (`id`),
  ADD UNIQUE KEY `users_identificacion_unique` (`identificacion`);

--
-- AUTO_INCREMENT de las tablas volcadas
--

--
-- AUTO_INCREMENT de la tabla `comments`
--
ALTER TABLE `comments`
  MODIFY `id` bigint(20) UNSIGNED NOT NULL AUTO_INCREMENT, AUTO_INCREMENT=11;

--
-- AUTO_INCREMENT de la tabla `failed_jobs`
--
ALTER TABLE `failed_jobs`
  MODIFY `id` bigint(20) UNSIGNED NOT NULL AUTO_INCREMENT;

--
-- AUTO_INCREMENT de la tabla `media_posts`
--
ALTER TABLE `media_posts`
  MODIFY `id` bigint(20) UNSIGNED NOT NULL AUTO_INCREMENT, AUTO_INCREMENT=26;

--
-- AUTO_INCREMENT de la tabla `migrations`
--
ALTER TABLE `migrations`
  MODIFY `id` int(10) UNSIGNED NOT NULL AUTO_INCREMENT, AUTO_INCREMENT=156;

--
-- AUTO_INCREMENT de la tabla `permissions`
--
ALTER TABLE `permissions`
  MODIFY `id` bigint(20) UNSIGNED NOT NULL AUTO_INCREMENT, AUTO_INCREMENT=12;

--
-- AUTO_INCREMENT de la tabla `posts`
--
ALTER TABLE `posts`
  MODIFY `id` bigint(20) UNSIGNED NOT NULL AUTO_INCREMENT, AUTO_INCREMENT=30;

--
-- AUTO_INCREMENT de la tabla `roles`
--
ALTER TABLE `roles`
  MODIFY `id` bigint(20) UNSIGNED NOT NULL AUTO_INCREMENT, AUTO_INCREMENT=3;

--
-- AUTO_INCREMENT de la tabla `users`
--
ALTER TABLE `users`
  MODIFY `id` bigint(20) UNSIGNED NOT NULL AUTO_INCREMENT, AUTO_INCREMENT=12;

--
-- Restricciones para tablas volcadas
--

--
-- Filtros para la tabla `comments`
--
ALTER TABLE `comments`
  ADD CONSTRAINT `comments_posts_id_foreign` FOREIGN KEY (`posts_id`) REFERENCES `posts` (`id`) ON DELETE CASCADE;

--
-- Filtros para la tabla `media_posts`
--
ALTER TABLE `media_posts`
  ADD CONSTRAINT `media_posts_posts_id_foreign` FOREIGN KEY (`posts_id`) REFERENCES `posts` (`id`) ON DELETE CASCADE;

--
-- Filtros para la tabla `model_has_permissions`
--
ALTER TABLE `model_has_permissions`
  ADD CONSTRAINT `model_has_permissions_permission_id_foreign` FOREIGN KEY (`permission_id`) REFERENCES `permissions` (`id`) ON DELETE CASCADE;

--
-- Filtros para la tabla `model_has_roles`
--
ALTER TABLE `model_has_roles`
  ADD CONSTRAINT `model_has_roles_role_id_foreign` FOREIGN KEY (`role_id`) REFERENCES `roles` (`id`) ON DELETE CASCADE;

--
-- Filtros para la tabla `posts`
--
ALTER TABLE `posts`
  ADD CONSTRAINT `posts_users_id_foreign` FOREIGN KEY (`users_id`) REFERENCES `users` (`id`);

--
-- Filtros para la tabla `role_has_permissions`
--
ALTER TABLE `role_has_permissions`
  ADD CONSTRAINT `role_has_permissions_permission_id_foreign` FOREIGN KEY (`permission_id`) REFERENCES `permissions` (`id`) ON DELETE CASCADE,
  ADD CONSTRAINT `role_has_permissions_role_id_foreign` FOREIGN KEY (`role_id`) REFERENCES `roles` (`id`) ON DELETE CASCADE;
COMMIT;

/*!40101 SET CHARACTER_SET_CLIENT=@OLD_CHARACTER_SET_CLIENT */;
/*!40101 SET CHARACTER_SET_RESULTS=@OLD_CHARACTER_SET_RESULTS */;
/*!40101 SET COLLATION_CONNECTION=@OLD_COLLATION_CONNECTION */;
